Path Order,Radial Field,Country,Date,Day,Duration (hours),Duration (minutes),Minutes to hours,Mission,Number of Records,Sheet,Spacewalker,Table Name,"Total Duration (Hours, Minutes)",Total duration (Hours),Year
0,6.233333333,Russia,9/11/2000,Monday,6,14,0.233333333,STS-106,1,Spacewalk Detail,Yuri Malenchenko,Spacewalk Detail,6:14,6.23,2000
0,0.316666667,Russia,6/8/2001,Friday,0,19,0.316666667,Expedition 2,1,Spacewalk Detail,Yury Usachev,Spacewalk Detail,0:19,0.32,2001
0,2.766666667,Russia,12/3/2001,Monday,2,46,0.766666667,Expedition 3,1,Spacewalk Detail,Vladimir Dezhurov,Spacewalk Detail,2:46,2.77,2001
0,2.766666667,Russia,12/3/2001,Monday,2,46,0.766666667,Expedition 3,1,Spacewalk Detail,Mikhail Tyurin,Spacewalk Detail,2:46,2.77,2001
0,4.966666667,Russia,10/8/2001,Monday,4,58,0.966666667,Expedition 3,1,Spacewalk Detail,Vladimir Dezhurov,Spacewalk Detail,4:58,4.97,2001
0,4.966666667,Russia,10/8/2001,Monday,4,58,0.966666667,Expedition 3,1,Spacewalk Detail,Mikhail Tyurin,Spacewalk Detail,4:58,4.97,2001
0,5.066666667,Russia,11/12/2001,Monday,5,4,0.066666667,Expedition 3,1,Spacewalk Detail,Vladimir Dezhurov,Spacewalk Detail,5:4,5.07,2001
0,5.866666667,Russia,10/15/2001,Monday,5,52,0.866666667,Expedition 3,1,Spacewalk Detail,Vladimir Dezhurov,Spacewalk Detail,5:52,5.87,2001
0,5.866666667,Russia,10/15/2001,Monday,5,52,0.866666667,Expedition 3,1,Spacewalk Detail,Mikhail Tyurin,Spacewalk Detail,5:52,5.87,2001
0,4.416666667,Russia,8/16/2002,Friday,4,25,0.416666667,Expedition 5,1,Spacewalk Detail,Valery Korzun,Spacewalk Detail,4:25,4.42,2002
0,5.35,Russia,8/26/2002,Monday,5,21,0.35,Expedition 5,1,Spacewalk Detail,Valery Korzun,Spacewalk Detail,5:21,5.35,2002
0,5.35,Russia,8/26/2002,Monday,5,21,0.35,Expedition 5,1,Spacewalk Detail,Sergei Treschev,Spacewalk Detail,5:21,5.35,2002
0,5.983333333,Russia,1/25/2002,Friday,5,59,0.983333333,Expedition 4,1,Spacewalk Detail,Yury Onufrienko,Spacewalk Detail,5:59,5.98,2002
0,6.05,Russia,1/14/2002,Monday,6,3,0.05,Expedition 4,1,Spacewalk Detail,Yury Onufrienko,Spacewalk Detail,6:3,6.05,2002
0,0.233333333,Russia,6/24/2004,Thursday,0,14,0.233333333,Expedition 9,1,Spacewalk Detail,Gennady Padalka,Spacewalk Detail,0:14,0.23,2004
0,3.916666667,Russia,2/26/2004,Thursday,3,55,0.916666667,Expedition 8,1,Spacewalk Detail,Alexander Kaleri,Spacewalk Detail,3:55,3.92,2004
0,4.5,Russia,8/3/2004,Tuesday,4,30,0.5,Expedition 9,1,Spacewalk Detail,Gennady Padalka,Spacewalk Detail,4:30,4.50,2004
0,5.35,Russia,9/3/2004,Friday,5,21,0.35,Expedition 9,1,Spacewalk Detail,Gennady Padalka,Spacewalk Detail,5:21,5.35,2004
0,5.666666667,Russia,6/30/2004,Wednesday,5,40,0.666666667,Expedition 9,1,Spacewalk Detail,Gennady Padalka,Spacewalk Detail,5:40,5.67,2004
0,4.5,Russia,3/28/2005,Monday,4,30,0.5,Expedition 10,1,Spacewalk Detail,Salizhan Sharipov,Spacewalk Detail,4:30,4.50,2005
0,4.966666667,Russia,8/18/2005,Thursday,4,58,0.966666667,Expedition 11,1,Spacewalk Detail,Sergei Krikalev,Spacewalk Detail,4:58,4.97,2005
0,5.366666667,Russia,11/7/2005,Monday,5,22,0.366666667,Expedition 12,1,Spacewalk Detail,Valery Tokarev,Spacewalk Detail,5:22,5.37,2005
0,5.466666667,Russia,1/26/2005,Wednesday,5,28,0.466666667,Expedition 10,1,Spacewalk Detail,Salizhan Sharipov,Spacewalk Detail,5:28,5.47,2005
0,5.633333333,Russia,11/22/2006,Wednesday,5,38,0.633333333,Expedition 14,1,Spacewalk Detail,Mikhail Tyurin,Spacewalk Detail,5:38,5.63,2006
0,5.716666667,Russia,2/3/2006,Friday,5,43,0.716666667,Expedition 12,1,Spacewalk Detail,Valery Tokarev,Spacewalk Detail,5:43,5.72,2006
0,6.516666667,Russia,6/1/2006,Thursday,6,31,0.516666667,Expedition 13,1,Spacewalk Detail,Pavel Vinogradov,Spacewalk Detail,6:31,6.52,2006
0,5.416666667,Russia,5/30/2007,Wednesday,5,25,0.416666667,Expedition 15,1,Spacewalk Detail,Oleg Kotov,Spacewalk Detail,5:25,5.42,2007
0,5.416666667,Russia,5/30/2007,Wednesday,5,25,0.416666667,Expedition 15,1,Spacewalk Detail,Fyodor Yurchikhin,Spacewalk Detail,5:25,5.42,2007
0,5.55,Russia,10/28/2007,Sunday,5,33,0.55,STS-120,1,Spacewalk Detail,Salizhan Sharipov,Spacewalk Detail,5:33,5.55,2007
0,5.616666667,Russia,6/6/2007,Wednesday,5,37,0.616666667,Expedition 15,1,Spacewalk Detail,Oleg Kotov,Spacewalk Detail,5:37,5.62,2007
0,5.616666667,Russia,6/6/2007,Wednesday,5,37,0.616666667,Expedition 15,1,Spacewalk Detail,Fyodor Yurchikhin,Spacewalk Detail,5:37,5.62,2007
0,5.616666667,Russia,7/23/2007,Monday,5,37,0.616666667,Expedition 15,1,Spacewalk Detail,Fyodor Yurchikhin,Spacewalk Detail,5:37,5.62,2007
0,6.3,Russia,2/22/2007,Thursday,6,18,0.3,Expedition 14,1,Spacewalk Detail,Mikhail Tyurin,Spacewalk Detail,6:18,6.30,2007
0,6.916666667,Russia,11/9/2007,Friday,6,55,0.916666667,Expedition 16,1,Spacewalk Detail,Yuri Malenchenko,Spacewalk Detail,6:55,6.92,2007
0,5.633333333,Russia,12/23/2008,Tuesday,5,38,0.633333333,Expedition 18,1,Spacewalk Detail,Yury Lonchakov,Spacewalk Detail,5:38,5.63,2008
0,5.9,Russia,7/15/2008,Tuesday,5,54,0.9,Expedition 17,1,Spacewalk Detail,Sergei Volkov,Spacewalk Detail,5:54,5.90,2008
0,5.9,Russia,7/15/2008,Tuesday,5,54,0.9,Expedition 17,1,Spacewalk Detail,Oleg Kononenko,Spacewalk Detail,5:54,5.90,2008
0,6.3,Russia,7/10/2008,Thursday,6,18,0.3,Expedition 17,1,Spacewalk Detail,Sergei Volkov,Spacewalk Detail,6:18,6.30,2008
0,6.3,Russia,7/10/2008,Thursday,6,18,0.3,Expedition 17,1,Spacewalk Detail,Oleg Kononenko,Spacewalk Detail,6:18,6.30,2008
0,0.2,Russia,6/10/2009,Wednesday,0,12,0.2,Expedition 20,1,Spacewalk Detail,Gennady Padalka,Spacewalk Detail,0:12,0.20,2009
0,4.816666667,Russia,12/10/2009,Thursday,4,49,0.816666667,Expedition 18,1,Spacewalk Detail,Yury Lonchakov,Spacewalk Detail,4:49,4.82,2009
0,4.9,Russia,6/5/2009,Friday,4,54,0.9,Expedition 20,1,Spacewalk Detail,Gennady Padalka,Spacewalk Detail,4:54,4.90,2009
0,5.733333333,Russia,1/14/2010,Thursday,5,44,0.733333333,Expedition 22,1,Spacewalk Detail,Oleg Kotov,Spacewalk Detail,5:44,5.73,2010
0,5.733333333,Russia,1/14/2010,Thursday,5,44,0.733333333,Expedition 22,1,Spacewalk Detail,Max Suraev,Spacewalk Detail,5:44,5.73,2010
0,6.45,Russia,11/15/2010,Monday,6,27,0.45,Expedition 25,1,Spacewalk Detail,Oleg Skripochka,Spacewalk Detail,6:27,6.45,2010
0,6.45,Russia,11/15/2010,Monday,6,27,0.45,Expedition 25,1,Spacewalk Detail,Fyodor Yurchikhin,Spacewalk Detail,6:27,6.45,2010
0,6.7,Russia,7/27/2010,Tuesday,6,42,0.7,Expedition 24,1,Spacewalk Detail,"Fyodor Yurchikhin, Mikhail Kornienko",Spacewalk Detail,6:42,6.70,2010
0,4.85,Russia,2/16/2011,Wednesday,4,51,0.85,Expedition 26,1,Spacewalk Detail,Oleg Skripochka,Spacewalk Detail,4:51,4.85,2011
0,4.85,Russia,2/16/2011,Wednesday,4,51,0.85,Expedition 26,1,Spacewalk Detail,Dmitry Kondratyev,Spacewalk Detail,4:51,4.85,2011
0,5.383333333,Russia,1/21/2011,Friday,5,23,0.383333333,Expedition 26,1,Spacewalk Detail,Oleg Skripochka,Spacewalk Detail,5:23,5.38,2011
0,5.383333333,Russia,1/21/2011,Friday,5,23,0.383333333,Expedition 26,1,Spacewalk Detail,Dmitry Kondratyev,Spacewalk Detail,5:23,5.38,2011
0,6.383333333,Russia,8/3/2011,Wednesday,6,23,0.383333333,Expedition 28,1,Spacewalk Detail,Sergei Volkov,Spacewalk Detail,6:23,6.38,2011
0,6.383333333,Russia,8/3/2011,Wednesday,6,23,0.383333333,Expedition 28,1,Spacewalk Detail,Alexander Samokutyaev,Spacewalk Detail,6:23,6.38,2011
0,5.85,Russia,8/20/2012,Monday,5,51,0.85,Expedition 32,1,Spacewalk Detail,Yuri Malenchenko,Spacewalk Detail,5:51,5.85,2012
0,5.85,Russia,8/20/2012,Monday,5,51,0.85,Expedition 32,1,Spacewalk Detail,Gennady Padalka,Spacewalk Detail,5:51,5.85,2012
0,6.25,Russia,2/16/2012,Thursday,6,15,0.25,Expedition 30,1,Spacewalk Detail,Oleg Kononenko,Spacewalk Detail,6:15,6.25,2012
0,6.25,Russia,2/16/2012,Thursday,6,15,0.25,Expedition 30,1,Spacewalk Detail,Anton Shkaplerov,Spacewalk Detail,6:15,6.25,2012
0,5.833333333,Russia,11/9/2013,Saturday,5,50,0.833333333,Expedition 37,1,Spacewalk Detail,Sergei Ryazanskiy,Spacewalk Detail,5:50,5.83,2013
0,5.833333333,Russia,11/9/2013,Saturday,5,50,0.833333333,Expedition 37,1,Spacewalk Detail,Oleg Kotov,Spacewalk Detail,5:50,5.83,2013
0,5.966666667,Russia,8/22/2013,Thursday,5,58,0.966666667,Expedition 36,1,Spacewalk Detail,Fyodor Yurchikhin,Spacewalk Detail,5:58,5.97,2013
0,5.966666667,Russia,8/22/2013,Thursday,5,58,0.966666667,Expedition 36,1,Spacewalk Detail,Alexander Misurkin,Spacewalk Detail,5:58,5.97,2013
0,6.566666667,Russia,6/24/2013,Monday,6,34,0.566666667,Expedition 36,1,Spacewalk Detail,Fyodor Yurchikhin,Spacewalk Detail,6:34,6.57,2013
0,6.566666667,Russia,6/24/2013,Monday,6,34,0.566666667,Expedition 36,1,Spacewalk Detail,Alexander Misurkin,Spacewalk Detail,6:34,6.57,2013
0,6.633333333,Russia,4/19/2013,Friday,6,38,0.633333333,Expedition 35,1,Spacewalk Detail,Roman Romanenko,Spacewalk Detail,6:38,6.63,2013
0,6.633333333,Russia,4/19/2013,Friday,6,38,0.633333333,Expedition 35,1,Spacewalk Detail,Pavel Vinogradov,Spacewalk Detail,6:38,6.63,2013
0,7.483333333,Russia,8/16/2013,Friday,7,29,0.483333333,Expedition 36,1,Spacewalk Detail,Fyodor Yurchikhin,Spacewalk Detail,7:29,7.48,2013
0,7.483333333,Russia,8/16/2013,Friday,7,29,0.483333333,Expedition 36,1,Spacewalk Detail,Alexander Misurkin,Spacewalk Detail,7:29,7.48,2013
0,8.116666667,Russia,12/27/2013,Friday,8,7,0.116666667,Expedition 38,1,Spacewalk Detail,Sergei Ryazanskiy,Spacewalk Detail,8:7,8.12,2013
0,8.116666667,Russia,12/27/2013,Friday,8,7,0.116666667,Expedition 38,1,Spacewalk Detail,Oleg Kotov,Spacewalk Detail,8:7,8.12,2013
0,3.633333333,Russia,10/22/2014,Wednesday,3,38,0.633333333,Expedition 41,1,Spacewalk Detail,Max Suraev,Spacewalk Detail,3:38,3.63,2014
0,3.633333333,Russia,10/22/2014,Wednesday,3,38,0.633333333,Expedition 41,1,Spacewalk Detail,Alexander Samokutyaev,Spacewalk Detail,3:38,3.63,2014
0,5.183333333,Russia,8/18/2014,Monday,5,11,0.183333333, Expedition 40,1,Spacewalk Detail,Oleg Artemyev,Spacewalk Detail,5:11,5.18,2014
0,5.183333333,Russia,8/18/2014,Monday,5,11,0.183333333, Expedition 40,1,Spacewalk Detail,Alexander Skvortsov,Spacewalk Detail,5:11,5.18,2014
0,6.133333333,Russia,1/27/2014,Monday,6,8,0.133333333,Expedition 38,1,Spacewalk Detail,Sergei Ryazanskiy,Spacewalk Detail,6:8,6.13,2014
0,6.133333333,Russia,1/27/2014,Monday,6,8,0.133333333,Expedition 38,1,Spacewalk Detail,Oleg Kotov,Spacewalk Detail,6:8,6.13,2014
0,7.383333333,Russia,6/19/2014,Thursday,7,23,0.383333333, Expedition 40,1,Spacewalk Detail,Oleg Artemyev,Spacewalk Detail,7:23,7.38,2014
0,7.383333333,Russia,6/19/2014,Thursday,7,23,0.383333333, Expedition 40,1,Spacewalk Detail,Alexander Skvortsov,Spacewalk Detail,7:23,7.38,2014
0,5.516666667,Russia,8/10/2015,Monday,5,31,0.516666667,Expedition 44,1,Spacewalk Detail,Mikhail Kornienko,Spacewalk Detail,5:31,5.52,2015
0,5.516666667,Russia,8/10/2015,Monday,5,31,0.516666667,Expedition 44,1,Spacewalk Detail,Gennady Padalka,Spacewalk Detail,5:31,5.52,2015
0,4.75,Russia,2/3/2016,Wednesday,4,45,0.75,Expedition 46,1,Spacewalk Detail,Yuri Malenchenko,Spacewalk Detail,4:45,4.75,2016
0,4.75,Russia,2/3/2016,Wednesday,4,45,0.75,Expedition 46,1,Spacewalk Detail,Sergey Volkov,Spacewalk Detail,4:45,4.75,2016
0,7.566666667,Russia,8/17/2017,Thursday,7,34,0.566666667,Expedition 52,1,Spacewalk Detail,Sergey Ryazanskiy,Spacewalk Detail,7:34,7.57,2017
0,7.566666667,Russia,8/17/2017,Thursday,7,34,0.566666667,Expedition 52,1,Spacewalk Detail,Fyodor Yurchikhin,Spacewalk Detail,7:34,7.57,2017
0,5.95,Russia,2/16/2018,Friday,5,57,0.95,Expedition 54,1,Spacewalk Detail,Norishige Kanai,Spacewalk Detail,5:57,5.95,2018
0,7.75,Russia,12/11/2018,Tuesday,7,45,0.75,Expedition 57,1,Spacewalk Detail,Sergey Prokopyev,Spacewalk Detail,7:45,7.75,2018
0,7.75,Russia,12/11/2018,Tuesday,7,45,0.75,Expedition 57,1,Spacewalk Detail,Oleg Kononenko,Spacewalk Detail,7:45,7.75,2018
0,7.766666667,Russia,8/15/2018,Wednesday,7,46,0.766666667,Expedition 56,1,Spacewalk Detail,Sergey Prokopyev,Spacewalk Detail,7:46,7.77,2018
0,7.766666667,Russia,8/15/2018,Wednesday,7,46,0.766666667,Expedition 56,1,Spacewalk Detail,Oleg Artemyev,Spacewalk Detail,7:46,7.77,2018
0,8.216666667,Russia,2/2/2018,Friday,8,13,0.216666667,Expedition 54,1,Spacewalk Detail,Anton Shkaplerov,Spacewalk Detail,8:13,8.22,2018
0,8.216666667,Russia,2/2/2018,Friday,8,13,0.216666667,Expedition 54,1,Spacewalk Detail,Alexander Misurkin,Spacewalk Detail,8:13,8.22,2018
0,6.983333333,USA,12/12/1998,Saturday,6,59,0.983333333,STS-88,1,Spacewalk Detail,Jerry Ross,Spacewalk Detail,6:59,6.98,1998
0,6.983333333,USA,12/12/1998,Saturday,6,59,0.983333333,STS-88,1,Spacewalk Detail,James Newman,Spacewalk Detail,6:59,6.98,1998
0,7.033333333,USA,12/9/1998,Wednesday,7,2,0.033333333,STS-88,1,Spacewalk Detail,Jerry Ross,Spacewalk Detail,7:2,7.03,1998
0,7.033333333,USA,12/9/1998,Wednesday,7,2,0.033333333,STS-88,1,Spacewalk Detail,James Newman,Spacewalk Detail,7:2,7.03,1998
0,7.35,USA,12/7/1998,Monday,7,21,0.35,STS-88,1,Spacewalk Detail,Jerry Ross,Spacewalk Detail,7:21,7.35,1998
0,7.35,USA,12/7/1998,Monday,7,21,0.35,STS-88,1,Spacewalk Detail,James Newman,Spacewalk Detail,7:21,7.35,1998
0,7.916666667,USA,5/30/1999,Sunday,7,55,0.916666667,STS-96,1,Spacewalk Detail,Tamara Jernigan,Spacewalk Detail,7:55,7.92,1999
0,7.916666667,USA,5/30/1999,Sunday,7,55,0.916666667,STS-96,1,Spacewalk Detail,Daniel Barry,Spacewalk Detail,7:55,7.92,1999
0,5.166666667,USA,12/7/2000,Thursday,5,10,0.166666667,STS-97,1,Spacewalk Detail,Joseph Tanner,Spacewalk Detail,5:10,5.17,2000
0,5.166666667,USA,12/7/2000,Thursday,5,10,0.166666667,STS-97,1,Spacewalk Detail,Carlos Noriega,Spacewalk Detail,5:10,5.17,2000
0,6.233333333,USA,9/11/2000,Monday,6,14,0.233333333,STS-106,1,Spacewalk Detail,Edward Lu,Spacewalk Detail,6:14,6.23,2000
0,6.466666667,USA,10/15/2000,Sunday,6,28,0.466666667,STS-92,1,Spacewalk Detail,Leroy Chiao,Spacewalk Detail,6:28,6.47,2000
0,6.466666667,USA,10/15/2000,Sunday,6,28,0.466666667,STS-92,1,Spacewalk Detail,Bill McArthur,Spacewalk Detail,6:28,6.47,2000
0,6.616666667,USA,12/5/2000,Tuesday,6,37,0.616666667,STS-97,1,Spacewalk Detail,Joseph Tanner,Spacewalk Detail,6:37,6.62,2000
0,6.616666667,USA,12/5/2000,Tuesday,6,37,0.616666667,STS-97,1,Spacewalk Detail,Carlos Noriega,Spacewalk Detail,6:37,6.62,2000
0,6.733333333,USA,5/22/2000,Monday,6,44,0.733333333,STS-101,1,Spacewalk Detail,Jeff Williams,Spacewalk Detail,6:44,6.73,2000
0,6.733333333,USA,5/22/2000,Monday,6,44,0.733333333,STS-101,1,Spacewalk Detail,James Voss,Spacewalk Detail,6:44,6.73,2000
0,6.8,USA,10/17/2000,Tuesday,6,48,0.8,STS-92,1,Spacewalk Detail,Leroy Chiao,Spacewalk Detail,6:48,6.80,2000
0,6.8,USA,10/17/2000,Tuesday,6,48,0.8,STS-92,1,Spacewalk Detail,Bill McArthur,Spacewalk Detail,6:48,6.80,2000
0,6.933333333,USA,10/18/2000,Wednesday,6,56,0.933333333,STS-92,1,Spacewalk Detail,Peter J.Wisoff,Spacewalk Detail,6:56,6.93,2000
0,6.933333333,USA,10/18/2000,Wednesday,6,56,0.933333333,STS-92,1,Spacewalk Detail,Michael Lopez-Alegria,Spacewalk Detail,6:56,6.93,2000
0,7.116666667,USA,10/16/2000,Monday,7,7,0.116666667,STS-92,1,Spacewalk Detail,Peter J.Wisoff,Spacewalk Detail,7:7,7.12,2000
0,7.116666667,USA,10/16/2000,Monday,7,7,0.116666667,STS-92,1,Spacewalk Detail,Michael Lopez-Alegria,Spacewalk Detail,7:7,7.12,2000
0,7.55,USA,12/3/2000,Sunday,7,33,0.55,STS-97,1,Spacewalk Detail,Joseph Tanner,Spacewalk Detail,7:33,7.55,2000
0,7.55,USA,12/3/2000,Sunday,7,33,0.55,STS-97,1,Spacewalk Detail,Carlos Noriega,Spacewalk Detail,7:33,7.55,2000
0,0.316666667,USA,6/8/2001,Friday,0,19,0.316666667,Expedition 2,1,Spacewalk Detail,James Voss,Spacewalk Detail,0:19,0.32,2001
0,4.033333333,USA,7/21/2001,Saturday,4,2,0.033333333,STS-104,1,Spacewalk Detail,Michael Gernhardt,Spacewalk Detail,4:2,4.03,2001
0,4.033333333,USA,7/21/2001,Saturday,4,2,0.033333333,STS-104,1,Spacewalk Detail,James Reilly,Spacewalk Detail,4:2,4.03,2001
0,4.2,USA,12/10/2001,Monday,4,12,0.2,STS-108,1,Spacewalk Detail,Linda Godwin,Spacewalk Detail,4:12,4.20,2001
0,4.2,USA,12/10/2001,Monday,4,12,0.2,STS-108,1,Spacewalk Detail,Dan Tani,Spacewalk Detail,4:12,4.20,2001
0,5.066666667,USA,11/12/2001,Monday,5,4,0.066666667,Expedition 3,1,Spacewalk Detail,Frank Culbertson,Spacewalk Detail,5:4,5.07,2001
0,5.266666667,USA,8/16/2001,Thursday,5,16,0.266666667,STS-105,1,Spacewalk Detail,Patrick Forrester,Spacewalk Detail,5:16,5.27,2001
0,5.266666667,USA,8/16/2001,Thursday,5,16,0.266666667,STS-105,1,Spacewalk Detail,Daniel Barry,Spacewalk Detail,5:16,5.27,2001
0,5.416666667,USA,2/14/2001,Wednesday,5,25,0.416666667,STS-98,1,Spacewalk Detail,Thomas Jones,Spacewalk Detail,5:25,5.42,2001
0,5.416666667,USA,2/14/2001,Wednesday,5,25,0.416666667,STS-98,1,Spacewalk Detail,Robert Curbeam,Spacewalk Detail,5:25,5.42,2001
0,5.483333333,USA,8/18/2001,Saturday,5,29,0.483333333,STS-105,1,Spacewalk Detail,Patrick Forrester,Spacewalk Detail,5:29,5.48,2001
0,5.483333333,USA,8/18/2001,Saturday,5,29,0.483333333,STS-105,1,Spacewalk Detail,Daniel Barry,Spacewalk Detail,5:29,5.48,2001
0,5.983333333,USA,7/15/2001,Sunday,5,59,0.983333333,STS-104,1,Spacewalk Detail,Michael Gernhardt,Spacewalk Detail,5:59,5.98,2001
0,5.983333333,USA,7/15/2001,Sunday,5,59,0.983333333,STS-104,1,Spacewalk Detail,James Reilly,Spacewalk Detail,5:59,5.98,2001
0,6.35,USA,3/13/2001,Tuesday,6,21,0.35,STS-102,1,Spacewalk Detail,Paul Richards,Spacewalk Detail,6:21,6.35,2001
0,6.35,USA,3/13/2001,Tuesday,6,21,0.35,STS-102,1,Spacewalk Detail,Andrew Thomas,Spacewalk Detail,6:21,6.35,2001
0,6.483333333,USA,7/18/2001,Wednesday,6,29,0.483333333,STS-104,1,Spacewalk Detail,Michael Gernhardt,Spacewalk Detail,6:29,6.48,2001
0,6.483333333,USA,7/18/2001,Wednesday,6,29,0.483333333,STS-104,1,Spacewalk Detail,James Reilly,Spacewalk Detail,6:29,6.48,2001
0,6.833333333,USA,2/12/2001,Monday,6,50,0.833333333,STS-98,1,Spacewalk Detail,Thomas Jones,Spacewalk Detail,6:50,6.83,2001
0,6.833333333,USA,2/12/2001,Monday,6,50,0.833333333,STS-98,1,Spacewalk Detail,Robert Curbeam,Spacewalk Detail,6:50,6.83,2001
0,7.166666667,USA,4/22/2001,Sunday,7,10,0.166666667,STS-100,1,Spacewalk Detail,Scott Parazynski,Spacewalk Detail,7:10,7.17,2001
0,7.166666667,USA,4/22/2001,Sunday,7,10,0.166666667,STS-100,1,Spacewalk Detail,Chris Hadfield,Spacewalk Detail,7:10,7.17,2001
0,7.566666667,USA,2/10/2001,Saturday,7,34,0.566666667,STS-98,1,Spacewalk Detail,Thomas Jones,Spacewalk Detail,7:34,7.57,2001
0,7.566666667,USA,2/10/2001,Saturday,7,34,0.566666667,STS-98,1,Spacewalk Detail,Robert Curbeam,Spacewalk Detail,7:34,7.57,2001
0,7.666666667,USA,4/24/2001,Tuesday,7,40,0.666666667,STS-100,1,Spacewalk Detail,Scott Parazynski,Spacewalk Detail,7:40,7.67,2001
0,7.666666667,USA,4/24/2001,Tuesday,7,40,0.666666667,STS-100,1,Spacewalk Detail,Chris Hadfield,Spacewalk Detail,7:40,7.67,2001
0,8.933333333,USA,3/11/2001,Sunday,8,56,0.933333333,STS-102,1,Spacewalk Detail,Susan Helms,Spacewalk Detail,8:56,8.93,2001
0,8.933333333,USA,3/11/2001,Sunday,8,56,0.933333333,STS-102,1,Spacewalk Detail,James Voss,Spacewalk Detail,8:56,8.93,2001
0,4.416666667,USA,8/16/2002,Friday,4,25,0.416666667,Expedition 5,1,Spacewalk Detail,Peggy Whitson,Spacewalk Detail,4:25,4.42,2002
0,5,USA,6/11/2002,Tuesday,5,0,0,STS-111,1,Spacewalk Detail,Franklin Chang-Diaz,Spacewalk Detail,5:0,5.00,2002
0,5.783333333,USA,2/20/2002,Wednesday,5,47,0.783333333,Expedition 4,1,Spacewalk Detail,Dan Bursch,Spacewalk Detail,5:47,5.78,2002
0,5.783333333,USA,2/20/2002,Wednesday,5,47,0.783333333,Expedition 4,1,Spacewalk Detail,Carl Walz,Spacewalk Detail,5:47,5.78,2002
0,5.983333333,USA,1/25/2002,Friday,5,59,0.983333333,Expedition 4,1,Spacewalk Detail,Dan Bursch,Spacewalk Detail,5:59,5.98,2002
0,6.05,USA,1/14/2002,Monday,6,3,0.05,Expedition 4,1,Spacewalk Detail,Carl Walz,Spacewalk Detail,6:3,6.05,2002
0,6.066666667,USA,10/12/2002,Saturday,6,4,0.066666667,STS-112,1,Spacewalk Detail,Piers Sellers,Spacewalk Detail,6:4,6.07,2002
0,6.066666667,USA,10/12/2002,Saturday,6,4,0.066666667,STS-112,1,Spacewalk Detail,David Wolf,Spacewalk Detail,6:4,6.07,2002
0,6.166666667,USA,11/28/2002,Thursday,6,10,0.166666667,STS-113,1,Spacewalk Detail,Michael Lopez-Alegria,Spacewalk Detail,6:10,6.17,2002
0,6.166666667,USA,11/28/2002,Thursday,6,10,0.166666667,STS-113,1,Spacewalk Detail,John Herrington,Spacewalk Detail,6:10,6.17,2002
0,6.45,USA,4/14/2002,Sunday,6,27,0.45,STS-110,1,Spacewalk Detail,Steven Smith,Spacewalk Detail,6:27,6.45,2002
0,6.45,USA,4/14/2002,Sunday,6,27,0.45,STS-110,1,Spacewalk Detail,Rex Walheim,Spacewalk Detail,6:27,6.45,2002
0,6.6,USA,10/14/2002,Monday,6,36,0.6,STS-112,1,Spacewalk Detail,Piers Sellers,Spacewalk Detail,6:36,6.60,2002
0,6.6,USA,10/14/2002,Monday,6,36,0.6,STS-112,1,Spacewalk Detail,David Wolf,Spacewalk Detail,6:36,6.60,2002
0,6.616666667,USA,4/16/2002,Tuesday,6,37,0.616666667,STS-110,1,Spacewalk Detail,Lee Morin,Spacewalk Detail,6:37,6.62,2002
0,6.616666667,USA,4/16/2002,Tuesday,6,37,0.616666667,STS-110,1,Spacewalk Detail,Jerry Ross,Spacewalk Detail,6:37,6.62,2002
0,6.75,USA,11/26/2002,Tuesday,6,45,0.75,STS-113,1,Spacewalk Detail,Michael Lopez-Alegria,Spacewalk Detail,6:45,6.75,2002
0,6.75,USA,11/26/2002,Tuesday,6,45,0.75,STS-113,1,Spacewalk Detail,John Herrington,Spacewalk Detail,6:45,6.75,2002
0,7,USA,11/30/2002,Saturday,7,0,0,STS-113,1,Spacewalk Detail,Michael Lopez-Alegria,Spacewalk Detail,7:0,7.00,2002
0,7,USA,11/30/2002,Saturday,7,0,0,STS-113,1,Spacewalk Detail,John Herrington,Spacewalk Detail,7:0,7.00,2002
0,7.016666667,USA,10/10/2002,Thursday,7,1,0.016666667,STS-112,1,Spacewalk Detail,Piers Sellers,Spacewalk Detail,7:1,7.02,2002
0,7.016666667,USA,10/10/2002,Thursday,7,1,0.016666667,STS-112,1,Spacewalk Detail,David Wolf,Spacewalk Detail,7:1,7.02,2002
0,7.233333333,USA,6/9/2002,Sunday,7,14,0.233333333,STS-111,1,Spacewalk Detail,Franklin Chang-Diaz,Spacewalk Detail,7:14,7.23,2002
0,7.283333333,USA,6/13/2002,Thursday,7,17,0.283333333,STS-111,1,Spacewalk Detail,Franklin Chang-Diaz,Spacewalk Detail,7:17,7.28,2002
0,7.5,USA,4/13/2002,Saturday,7,30,0.5,STS-110,1,Spacewalk Detail,Lee Morin,Spacewalk Detail,7:30,7.50,2002
0,7.5,USA,4/13/2002,Saturday,7,30,0.5,STS-110,1,Spacewalk Detail,Jerry Ross,Spacewalk Detail,7:30,7.50,2002
0,7.8,USA,4/11/2002,Thursday,7,48,0.8,STS-110,1,Spacewalk Detail,Steven Smith,Spacewalk Detail,7:48,7.80,2002
0,7.8,USA,4/11/2002,Thursday,7,48,0.8,STS-110,1,Spacewalk Detail,Rex Walheim,Spacewalk Detail,7:48,7.80,2002
0,6.433333333,USA,4/8/2003,Tuesday,6,26,0.433333333,Expedition 6,1,Spacewalk Detail,Ken Bowersox,Spacewalk Detail,6:26,6.43,2003
0,6.433333333,USA,4/8/2003,Tuesday,6,26,0.433333333,Expedition 6,1,Spacewalk Detail,Don Pettit,Spacewalk Detail,6:26,6.43,2003
0,6.85,USA,1/15/2003,Wednesday,6,51,0.85,Expedition 6,1,Spacewalk Detail,Ken Bowersox,Spacewalk Detail,6:51,6.85,2003
0,6.85,USA,1/15/2003,Wednesday,6,51,0.85,Expedition 6,1,Spacewalk Detail,Don Pettit,Spacewalk Detail,6:51,6.85,2003
0,0.233333333,USA,6/24/2004,Thursday,0,14,0.233333333,Expedition 9,1,Spacewalk Detail,Mike Fincke,Spacewalk Detail,0:14,0.23,2004
0,3.916666667,USA,2/26/2004,Thursday,3,55,0.916666667,Expedition 8,1,Spacewalk Detail,Michael Foale,Spacewalk Detail,3:55,3.92,2004
0,4.5,USA,8/3/2004,Tuesday,4,30,0.5,Expedition 9,1,Spacewalk Detail,Mike Fincke,Spacewalk Detail,4:30,4.50,2004
0,5.35,USA,9/3/2004,Friday,5,21,0.35,Expedition 9,1,Spacewalk Detail,Mike Fincke,Spacewalk Detail,5:21,5.35,2004
0,5.666666667,USA,6/30/2004,Wednesday,5,40,0.666666667,Expedition 9,1,Spacewalk Detail,Mike Fincke,Spacewalk Detail,5:40,5.67,2004
0,4.5,USA,3/28/2005,Monday,4,30,0.5,Expedition 10,1,Spacewalk Detail,Leroy Chiao,Spacewalk Detail,4:30,4.50,2005
0,4.966666667,USA,8/18/2005,Thursday,4,58,0.966666667,Expedition 11,1,Spacewalk Detail,John Phillips,Spacewalk Detail,4:58,4.97,2005
0,5.366666667,USA,11/7/2005,Monday,5,22,0.366666667,Expedition 12,1,Spacewalk Detail,Bill McArthur,Spacewalk Detail,5:22,5.37,2005
0,5.466666667,USA,1/26/2005,Wednesday,5,28,0.466666667,Expedition 10,1,Spacewalk Detail,Leroy Chiao,Spacewalk Detail,5:28,5.47,2005
0,6.016666667,USA,8/3/2005,Wednesday,6,1,0.016666667,STS-114,1,Spacewalk Detail,Stephen Robinson,Spacewalk Detail,6:1,6.02,2005
0,6.016666667,USA,8/3/2005,Wednesday,6,1,0.016666667,STS-114,1,Spacewalk Detail,Soichi Noguchi,Spacewalk Detail,6:1,6.02,2005
0,6.833333333,USA,7/30/2005,Saturday,6,50,0.833333333,STS-114,1,Spacewalk Detail,Stephen Robinson,Spacewalk Detail,6:50,6.83,2005
0,6.833333333,USA,7/30/2005,Saturday,6,50,0.833333333,STS-114,1,Spacewalk Detail,Soichi Noguchi,Spacewalk Detail,6:50,6.83,2005
0,7.233333333,USA,8/1/2005,Monday,7,14,0.233333333,STS-114,1,Spacewalk Detail,Stephen Robinson,Spacewalk Detail,7:14,7.23,2005
0,7.233333333,USA,8/1/2005,Monday,7,14,0.233333333,STS-114,1,Spacewalk Detail,Soichi Noguchi,Spacewalk Detail,7:14,7.23,2005
0,5,USA,12/14/2006,Thursday,5,0,0,STS-116,1,Spacewalk Detail,Bob Curbeam,Spacewalk Detail,5:0,5.00,2006
0,5.633333333,USA,11/22/2006,Wednesday,5,38,0.633333333,Expedition 14,1,Spacewalk Detail,Michael Lopez-Alegria,Spacewalk Detail,5:38,5.63,2006
0,5.716666667,USA,2/3/2006,Friday,5,43,0.716666667,Expedition 12,1,Spacewalk Detail,Bill McArthur,Spacewalk Detail,5:43,5.72,2006
0,5.9,USA,8/3/2006,Thursday,5,54,0.9,Expedition 13,1,Spacewalk Detail,Thomas Reiter,Spacewalk Detail,5:54,5.90,2006
0,5.9,USA,8/3/2006,Thursday,5,54,0.9,Expedition 13,1,Spacewalk Detail,Jeff Williams,Spacewalk Detail,5:54,5.90,2006
0,6.433333333,USA,9/12/2006,Tuesday,6,26,0.433333333,STS-115,1,Spacewalk Detail,Joe Tanner,Spacewalk Detail,6:26,6.43,2006
0,6.433333333,USA,9/12/2006,Tuesday,6,26,0.433333333,STS-115,1,Spacewalk Detail,Heidemarie Stefanyshyn-Piper,Spacewalk Detail,6:26,6.43,2006
0,6.516666667,USA,6/1/2006,Thursday,6,31,0.516666667,Expedition 13,1,Spacewalk Detail,Jeff Williams,Spacewalk Detail,6:31,6.52,2006
0,6.6,USA,12/12/2006,Tuesday,6,36,0.6,STS-116,1,Spacewalk Detail,Bob Curbeam,Spacewalk Detail,6:36,6.60,2006
0,6.633333333,USA,12/18/2006,Monday,6,38,0.633333333,STS-116,1,Spacewalk Detail,Bob Curbeam,Spacewalk Detail,6:38,6.63,2006
0,6.7,USA,9/15/2006,Friday,6,42,0.7,STS-115,1,Spacewalk Detail,Joe Tanner,Spacewalk Detail,6:42,6.70,2006
0,6.7,USA,9/15/2006,Friday,6,42,0.7,STS-115,1,Spacewalk Detail,Heidemarie Stefanyshyn-Piper,Spacewalk Detail,6:42,6.70,2006
0,6.783333333,USA,7/10/2006,Monday,6,47,0.783333333,STS-121,1,Spacewalk Detail,Piers Sellers,Spacewalk Detail,6:47,6.78,2006
0,6.783333333,USA,7/10/2006,Monday,6,47,0.783333333,STS-121,1,Spacewalk Detail,Mike Fossum,Spacewalk Detail,6:47,6.78,2006
0,7.183333333,USA,7/12/2006,Wednesday,7,11,0.183333333,STS-121,1,Spacewalk Detail,Piers Sellers,Spacewalk Detail,7:11,7.18,2006
0,7.183333333,USA,7/12/2006,Wednesday,7,11,0.183333333,STS-121,1,Spacewalk Detail,Mike Fossum,Spacewalk Detail,7:11,7.18,2006
0,7.183333333,USA,9/13/2006,Wednesday,7,11,0.183333333,STS-115,1,Spacewalk Detail,Steve MacLean,Spacewalk Detail,7:11,7.18,2006
0,7.183333333,USA,9/13/2006,Wednesday,7,11,0.183333333,STS-115,1,Spacewalk Detail,Dan Burbank,Spacewalk Detail,7:11,7.18,2006
0,7.516666667,USA,7/8/2006,Saturday,7,31,0.516666667,STS-121,1,Spacewalk Detail,Piers Sellers,Spacewalk Detail,7:31,7.52,2006
0,7.516666667,USA,7/8/2006,Saturday,7,31,0.516666667,STS-121,1,Spacewalk Detail,Mike Fossum,Spacewalk Detail,7:31,7.52,2006
0,7.516666667,USA,12/16/2006,Saturday,7,31,0.516666667,STS-116,1,Spacewalk Detail,Sunita Williams,Spacewalk Detail,7:31,7.52,2006
0,7.516666667,USA,12/16/2006,Saturday,7,31,0.516666667,STS-116,1,Spacewalk Detail,Bob Curbeam,Spacewalk Detail,7:31,7.52,2006
0,5.033333333,USA,8/18/2007,Saturday,5,2,0.033333333,STS-118,1,Spacewalk Detail,Clayton Anderson,Spacewalk Detail,5:2,5.03,2007
0,5.466666667,USA,8/15/2007,Wednesday,5,28,0.466666667,STS-118,1,Spacewalk Detail,Richard Mastracchio,Spacewalk Detail,5:28,5.47,2007
0,5.466666667,USA,8/15/2007,Wednesday,5,28,0.466666667,STS-118,1,Spacewalk Detail,Clayton Anderson,Spacewalk Detail,5:28,5.47,2007
0,5.55,USA,10/28/2007,Sunday,5,33,0.55,STS-120,1,Spacewalk Detail,Scott Parazynski,Spacewalk Detail,5:33,5.55,2007
0,5.616666667,USA,7/23/2007,Monday,5,37,0.616666667,Expedition 15,1,Spacewalk Detail,Clayton Anderson,Spacewalk Detail,5:37,5.62,2007
0,6.233333333,USA,10/26/2007,Friday,6,14,0.233333333,STS-120,1,Spacewalk Detail,Scott Parazynski,Spacewalk Detail,6:14,6.23,2007
0,6.233333333,USA,10/26/2007,Friday,6,14,0.233333333,STS-120,1,Spacewalk Detail,Doug Wheelock,Spacewalk Detail,6:14,6.23,2007
0,6.25,USA,6/11/2007,Monday,6,15,0.25,STS-117,1,Spacewalk Detail,John Olivas,Spacewalk Detail,6:15,6.25,2007
0,6.25,USA,6/11/2007,Monday,6,15,0.25,STS-117,1,Spacewalk Detail,James Reilly,Spacewalk Detail,6:15,6.25,2007
0,6.283333333,USA,8/11/2007,Saturday,6,17,0.283333333,STS-118,1,Spacewalk Detail,Richard Mastracchio,Spacewalk Detail,6:17,6.28,2007
0,6.3,USA,2/22/2007,Thursday,6,18,0.3,Expedition 14,1,Spacewalk Detail,Michael Lopez-Alegria,Spacewalk Detail,6:18,6.30,2007
0,6.466666667,USA,8/13/2007,Monday,6,28,0.466666667,STS-118,1,Spacewalk Detail,Richard Mastracchio,Spacewalk Detail,6:28,6.47,2007
0,6.483333333,USA,6/17/2007,Sunday,6,29,0.483333333,STS-117,1,Spacewalk Detail,Steve Swanson,Spacewalk Detail,6:29,6.48,2007
0,6.483333333,USA,6/17/2007,Sunday,6,29,0.483333333,STS-117,1,Spacewalk Detail,Patrick Forrester,Spacewalk Detail,6:29,6.48,2007
0,6.666666667,USA,2/8/2007,Thursday,6,40,0.666666667,Expedition 14,1,Spacewalk Detail,Sunita Williams,Spacewalk Detail,6:40,6.67,2007
0,6.666666667,USA,2/8/2007,Thursday,6,40,0.666666667,Expedition 14,1,Spacewalk Detail,Michael Lopez-Alegria,Spacewalk Detail,6:40,6.67,2007
0,6.916666667,USA,11/9/2007,Friday,6,55,0.916666667,Expedition 16,1,Spacewalk Detail,Peggy Whitson,Spacewalk Detail,6:55,6.92,2007
0,6.933333333,USA,12/18/2007,Tuesday,6,56,0.933333333,Expedition 16,1,Spacewalk Detail,Peggy Whitson,Spacewalk Detail,6:56,6.93,2007
0,6.933333333,USA,12/18/2007,Tuesday,6,56,0.933333333,Expedition 16,1,Spacewalk Detail,Dan Tani,Spacewalk Detail,6:56,6.93,2007
0,7.066666667,USA,11/24/2007,Saturday,7,4,0.066666667,Expedition 16,1,Spacewalk Detail,Peggy Whitson,Spacewalk Detail,7:4,7.07,2007
0,7.066666667,USA,11/24/2007,Saturday,7,4,0.066666667,Expedition 16,1,Spacewalk Detail,Dan Tani,Spacewalk Detail,7:4,7.07,2007
0,7.133333333,USA,10/30/2007,Tuesday,7,8,0.133333333,STS-120,1,Spacewalk Detail,Scott Parazynski,Spacewalk Detail,7:8,7.13,2007
0,7.133333333,USA,10/30/2007,Tuesday,7,8,0.133333333,STS-120,1,Spacewalk Detail,Dan Tani,Spacewalk Detail,7:8,7.13,2007
0,7.183333333,USA,2/4/2007,Sunday,7,11,0.183333333,Expedition 14,1,Spacewalk Detail,Sunita Williams,Spacewalk Detail,7:11,7.18,2007
0,7.183333333,USA,2/4/2007,Sunday,7,11,0.183333333,Expedition 14,1,Spacewalk Detail,Michael Lopez-Alegria,Spacewalk Detail,7:11,7.18,2007
0,7.266666667,USA,6/13/2007,Wednesday,7,16,0.266666667,STS-117,1,Spacewalk Detail,Steve Swanson,Spacewalk Detail,7:16,7.27,2007
0,7.266666667,USA,6/13/2007,Wednesday,7,16,0.266666667,STS-117,1,Spacewalk Detail,Patrick Forrester,Spacewalk Detail,7:16,7.27,2007
0,7.266666667,USA,11/20/2007,Tuesday,7,16,0.266666667,Expedition 16,1,Spacewalk Detail,Peggy Whitson,Spacewalk Detail,7:16,7.27,2007
0,7.266666667,USA,11/20/2007,Tuesday,7,16,0.266666667,Expedition 16,1,Spacewalk Detail,Dan Tani,Spacewalk Detail,7:16,7.27,2007
0,7.316666667,USA,11/3/2007,Saturday,7,19,0.316666667,STS-120,1,Spacewalk Detail,Scott Parazynski,Spacewalk Detail,7:19,7.32,2007
0,7.316666667,USA,11/3/2007,Saturday,7,19,0.316666667,STS-120,1,Spacewalk Detail,Doug Wheelock,Spacewalk Detail,7:19,7.32,2007
0,7.916666667,USA,1/31/2007,Wednesday,7,55,0.916666667,Expedition 14,1,Spacewalk Detail,Sunita Williams,Spacewalk Detail,7:55,7.92,2007
0,7.916666667,USA,1/31/2007,Wednesday,7,55,0.916666667,Expedition 14,1,Spacewalk Detail,Michael Lopez-Alegria,Spacewalk Detail,7:55,7.92,2007
0,7.966666667,USA,6/15/2007,Friday,7,58,0.966666667,STS-117,1,Spacewalk Detail,John Olivas,Spacewalk Detail,7:58,7.97,2007
0,7.966666667,USA,6/15/2007,Friday,7,58,0.966666667,STS-117,1,Spacewalk Detail,James Reilly,Spacewalk Detail,7:58,7.97,2007
0,5.633333333,USA,12/23/2008,Tuesday,5,38,0.633333333,Expedition 18,1,Spacewalk Detail,Mike Fincke,Spacewalk Detail,5:38,5.63,2008
0,6.033333333,USA,3/23/2008,Sunday,6,2,0.033333333, STS-123,1,Spacewalk Detail,Robert Behnken,Spacewalk Detail,6:2,6.03,2008
0,6.033333333,USA,3/23/2008,Sunday,6,2,0.033333333, STS-123,1,Spacewalk Detail,Michael Foreman,Spacewalk Detail,6:2,6.03,2008
0,6.116666667,USA,11/24/2008,Monday,6,7,0.116666667,STS-126,1,Spacewalk Detail,Stephen Bowen,Spacewalk Detail,6:7,6.12,2008
0,6.116666667,USA,11/24/2008,Monday,6,7,0.116666667,STS-126,1,Spacewalk Detail,Robert Kimbrough,Spacewalk Detail,6:7,6.12,2008
0,6.4,USA,3/21/2008,Friday,6,24,0.4, STS-123,1,Spacewalk Detail,Robert Behnken,Spacewalk Detail,6:24,6.40,2008
0,6.4,USA,3/21/2008,Friday,6,24,0.4, STS-123,1,Spacewalk Detail,Michael Foreman,Spacewalk Detail,6:24,6.40,2008
0,6.55,USA,6/8/2008,Sunday,6,33,0.55,STS-124,1,Spacewalk Detail,Ron Garan,Spacewalk Detail,6:33,6.55,2008
0,6.55,USA,6/8/2008,Sunday,6,33,0.55,STS-124,1,Spacewalk Detail,Mike Fossum,Spacewalk Detail,6:33,6.55,2008
0,6.75,USA,2/13/2008,Wednesday,6,45,0.75,STS-122,1,Spacewalk Detail,Rex Walheim,Spacewalk Detail,6:45,6.75,2008
0,6.75,USA,2/13/2008,Wednesday,6,45,0.75,STS-122,1,Spacewalk Detail,Hans Schlegel,Spacewalk Detail,6:45,6.75,2008
0,6.75,USA,11/20/2008,Thursday,6,45,0.75,STS-126,1,Spacewalk Detail,Robert Kimbrough,Spacewalk Detail,6:45,6.75,2008
0,6.75,USA,11/20/2008,Thursday,6,45,0.75,STS-126,1,Spacewalk Detail,Heidemarie Stefanyshyn-Piper,Spacewalk Detail,6:45,6.75,2008
0,6.8,USA,6/3/2008,Tuesday,6,48,0.8,STS-124,1,Spacewalk Detail,Ron Garan,Spacewalk Detail,6:48,6.80,2008
0,6.8,USA,6/3/2008,Tuesday,6,48,0.8,STS-124,1,Spacewalk Detail,Mike Fossum,Spacewalk Detail,6:48,6.80,2008
0,6.866666667,USA,11/18/2008,Tuesday,6,52,0.866666667,STS-126,1,Spacewalk Detail,Stephen Bowen,Spacewalk Detail,6:52,6.87,2008
0,6.866666667,USA,11/18/2008,Tuesday,6,52,0.866666667,STS-126,1,Spacewalk Detail,Heidemarie Stefanyshyn-Piper,Spacewalk Detail,6:52,6.87,2008
0,6.883333333,USA,3/18/2008,Tuesday,6,53,0.883333333, STS-123,1,Spacewalk Detail,Robert Behnken,Spacewalk Detail,6:53,6.88,2008
0,6.883333333,USA,3/18/2008,Tuesday,6,53,0.883333333, STS-123,1,Spacewalk Detail, Richard Linnehan,Spacewalk Detail,6:53,6.88,2008
0,6.95,USA,11/22/2008,Saturday,6,57,0.95,STS-126,1,Spacewalk Detail,Stephen Bowen,Spacewalk Detail,6:57,6.95,2008
0,6.95,USA,11/22/2008,Saturday,6,57,0.95,STS-126,1,Spacewalk Detail,Heidemarie Stefanyshyn-Piper,Spacewalk Detail,6:57,6.95,2008
0,7.016666667,USA,3/14/2008,Friday,7,1,0.016666667, STS-123,1,Spacewalk Detail, Richard Linnehan,Spacewalk Detail,7:1,7.02,2008
0,7.016666667,USA,3/14/2008,Friday,7,1,0.016666667, STS-123,1,Spacewalk Detail, Garret Reisman,Spacewalk Detail,7:1,7.02,2008
0,7.133333333,USA,3/16/2008,Sunday,7,8,0.133333333, STS-123,1,Spacewalk Detail,Michael Foreman,Spacewalk Detail,7:8,7.13,2008
0,7.133333333,USA,3/16/2008,Sunday,7,8,0.133333333, STS-123,1,Spacewalk Detail, Richard Linnehan,Spacewalk Detail,7:8,7.13,2008
0,7.166666667,USA,1/30/2008,Wednesday,7,10,0.166666667,Expedition 16,1,Spacewalk Detail,Peggy Whitson,Spacewalk Detail,7:10,7.17,2008
0,7.166666667,USA,1/30/2008,Wednesday,7,10,0.166666667,Expedition 16,1,Spacewalk Detail,Dan Tani,Spacewalk Detail,7:10,7.17,2008
0,7.183333333,USA,6/5/2008,Thursday,7,11,0.183333333,STS-124,1,Spacewalk Detail,Ron Garan,Spacewalk Detail,7:11,7.18,2008
0,7.183333333,USA,6/5/2008,Thursday,7,11,0.183333333,STS-124,1,Spacewalk Detail,Mike Fossum,Spacewalk Detail,7:11,7.18,2008
0,7.416666667,USA,2/15/2008,Friday,7,25,0.416666667,STS-122,1,Spacewalk Detail,Stanley Love,Spacewalk Detail,7:25,7.42,2008
0,7.416666667,USA,2/15/2008,Friday,7,25,0.416666667,STS-122,1,Spacewalk Detail,Rex Walheim,Spacewalk Detail,7:25,7.42,2008
0,7.966666667,USA,2/11/2008,Monday,7,58,0.966666667,STS-122,1,Spacewalk Detail,Stanley Love,Spacewalk Detail,7:58,7.97,2008
0,7.966666667,USA,2/11/2008,Monday,7,58,0.966666667,STS-122,1,Spacewalk Detail,Rex Walheim,Spacewalk Detail,7:58,7.97,2008
0,0.2,USA,6/10/2009,Wednesday,0,12,0.2,Expedition 20,1,Spacewalk Detail,Michael Barratt,Spacewalk Detail,0:12,0.20,2009
0,4.816666667,USA,12/10/2009,Thursday,4,49,0.816666667,Expedition 18,1,Spacewalk Detail,Mike Fincke,Spacewalk Detail,4:49,4.82,2009
0,4.9,USA,6/5/2009,Friday,4,54,0.9,Expedition 20,1,Spacewalk Detail,Michael Barratt,Spacewalk Detail,4:54,4.90,2009
0,4.9,USA,7/27/2009,Monday,4,54,0.9,STS-127,1,Spacewalk Detail,Thomas Marshburn,Spacewalk Detail,4:54,4.90,2009
0,4.9,USA,7/27/2009,Monday,4,54,0.9,STS-127,1,Spacewalk Detail,Chris Cassidy,Spacewalk Detail,4:54,4.90,2009
0,5.533333333,USA,7/18/2009,Saturday,5,32,0.533333333,STS-127,1,Spacewalk Detail,Tim Kopra,Spacewalk Detail,5:32,5.53,2009
0,5.533333333,USA,7/18/2009,Saturday,5,32,0.533333333,STS-127,1,Spacewalk Detail,David Wolf,Spacewalk Detail,5:32,5.53,2009
0,5.7,USA,11/23/2009,Monday,5,42,0.7,STS-129,1,Spacewalk Detail,Robert Satcher,Spacewalk Detail,5:42,5.70,2009
0,5.7,USA,11/23/2009,Monday,5,42,0.7,STS-129,1,Spacewalk Detail,Randolph Bresnik,Spacewalk Detail,5:42,5.70,2009
0,5.983333333,USA,7/22/2009,Wednesday,5,59,0.983333333,STS-127,1,Spacewalk Detail,David Wolf,Spacewalk Detail,5:59,5.98,2009
0,5.983333333,USA,7/22/2009,Wednesday,5,59,0.983333333,STS-127,1,Spacewalk Detail,Chris Cassidy,Spacewalk Detail,5:59,5.98,2009
0,6.116666667,USA,3/19/2009,Thursday,6,7,0.116666667,STS-119,1,Spacewalk Detail,Steve Swanson,Spacewalk Detail,6:7,6.12,2009
0,6.116666667,USA,3/19/2009,Thursday,6,7,0.116666667,STS-119,1,Spacewalk Detail,Richard Arnold,Spacewalk Detail,6:7,6.12,2009
0,6.133333333,USA,11/21/2009,Saturday,6,8,0.133333333,STS-129,1,Spacewalk Detail,Randolph Bresnik,Spacewalk Detail,6:8,6.13,2009
0,6.133333333,USA,11/21/2009,Saturday,6,8,0.133333333,STS-129,1,Spacewalk Detail,Michael Foreman,Spacewalk Detail,6:8,6.13,2009
0,6.45,USA,3/23/2009,Monday,6,27,0.45,STS-119,1,Spacewalk Detail,Richard Arnold,Spacewalk Detail,6:27,6.45,2009
0,6.45,USA,3/23/2009,Monday,6,27,0.45,STS-119,1,Spacewalk Detail,Joseph Acaba,Spacewalk Detail,6:27,6.45,2009
0,6.5,USA,3/21/2009,Saturday,6,30,0.5,STS-119,1,Spacewalk Detail,Steve Swanson,Spacewalk Detail,6:30,6.50,2009
0,6.5,USA,3/21/2009,Saturday,6,30,0.5,STS-119,1,Spacewalk Detail,Joseph Acaba,Spacewalk Detail,6:30,6.50,2009
0,6.583333333,USA,9/1/2009,Tuesday,6,35,0.583333333,STS-128,1,Spacewalk Detail,Nicole Stott,Spacewalk Detail,6:35,6.58,2009
0,6.583333333,USA,9/1/2009,Tuesday,6,35,0.583333333,STS-128,1,Spacewalk Detail,John Olivas,Spacewalk Detail,6:35,6.58,2009
0,6.616666667,USA,11/19/2009,Thursday,6,37,0.616666667,STS-129,1,Spacewalk Detail,Robert Satcher,Spacewalk Detail,6:37,6.62,2009
0,6.616666667,USA,11/19/2009,Thursday,6,37,0.616666667,STS-129,1,Spacewalk Detail,Michael Foreman,Spacewalk Detail,6:37,6.62,2009
0,6.65,USA,9/3/2009,Thursday,6,39,0.65,STS-128,1,Spacewalk Detail,John Olivas,Spacewalk Detail,6:39,6.65,2009
0,6.883333333,USA,7/20/2009,Monday,6,53,0.883333333,STS-127,1,Spacewalk Detail,Thomas Marshburn,Spacewalk Detail,6:53,6.88,2009
0,6.883333333,USA,7/20/2009,Monday,6,53,0.883333333,STS-127,1,Spacewalk Detail,David Wolf,Spacewalk Detail,6:53,6.88,2009
0,7.016666667,USA,9/5/2009,Saturday,7,1,0.016666667,STS-128,1,Spacewalk Detail,John Olivas,Spacewalk Detail,7:1,7.02,2009
0,7.2,USA,7/24/2009,Friday,7,12,0.2,STS-127,1,Spacewalk Detail,Thomas Marshburn,Spacewalk Detail,7:12,7.20,2009
0,7.2,USA,7/24/2009,Friday,7,12,0.2,STS-127,1,Spacewalk Detail,Chris Cassidy,Spacewalk Detail,7:12,7.20,2009
0,5.35,USA,5/21/2010,Friday,5,21,0.35,STS-132,1,Spacewalk Detail,Stephen Bowen,Spacewalk Detail,5:21,5.35,2010
0,5.35,USA,5/21/2010,Friday,5,21,0.35,STS-132,1,Spacewalk Detail,Michael Good,Spacewalk Detail,5:21,5.35,2010
0,5.8,USA,2/17/2010,Wednesday,5,48,0.8,STS-130,1,Spacewalk Detail,Robert Behnken,Spacewalk Detail,5:48,5.80,2010
0,5.8,USA,2/17/2010,Wednesday,5,48,0.8,STS-130,1,Spacewalk Detail,Nicholas Patrick,Spacewalk Detail,5:48,5.80,2010
0,5.9,USA,2/14/2010,Sunday,5,54,0.9,STS-130,1,Spacewalk Detail,Robert Behnken,Spacewalk Detail,5:54,5.90,2010
0,5.9,USA,2/14/2010,Sunday,5,54,0.9,STS-130,1,Spacewalk Detail,Nicholas Patrick,Spacewalk Detail,5:54,5.90,2010
0,6.4,USA,4/13/2010,Tuesday,6,24,0.4,STS-131,1,Spacewalk Detail,Richard Mastracchio,Spacewalk Detail,6:24,6.40,2010
0,6.4,USA,4/13/2010,Tuesday,6,24,0.4,STS-131,1,Spacewalk Detail,Clayton Anderson,Spacewalk Detail,6:24,6.40,2010
0,6.45,USA,4/9/2010,Friday,6,27,0.45,STS-131,1,Spacewalk Detail,Richard Mastracchio,Spacewalk Detail,6:27,6.45,2010
0,6.45,USA,4/9/2010,Friday,6,27,0.45,STS-131,1,Spacewalk Detail,Clayton Anderson,Spacewalk Detail,6:27,6.45,2010
0,6.533333333,USA,2/12/2010,Friday,6,32,0.533333333,STS-130,1,Spacewalk Detail,Robert Behnken,Spacewalk Detail,6:32,6.53,2010
0,6.533333333,USA,2/12/2010,Friday,6,32,0.533333333,STS-130,1,Spacewalk Detail,Nicholas Patrick,Spacewalk Detail,6:32,6.53,2010
0,7.15,USA,5/19/2010,Wednesday,7,9,0.15,STS-132,1,Spacewalk Detail,Stephen Bowen,Spacewalk Detail,7:9,7.15,2010
0,7.15,USA,5/19/2010,Wednesday,7,9,0.15,STS-132,1,Spacewalk Detail,Michael Good,Spacewalk Detail,7:9,7.15,2010
0,7.333333333,USA,8/16/2010,Monday,7,20,0.333333333,Expedition 24,1,Spacewalk Detail,Tracy Caldwell-Dyson,Spacewalk Detail,7:20,7.33,2010
0,7.333333333,USA,8/16/2010,Monday,7,20,0.333333333,Expedition 24,1,Spacewalk Detail,Doug Wheelock,Spacewalk Detail,7:20,7.33,2010
0,7.416666667,USA,5/17/2010,Monday,7,25,0.416666667,STS-132,1,Spacewalk Detail,Stephen Bowen,Spacewalk Detail,7:25,7.42,2010
0,7.416666667,USA,5/17/2010,Monday,7,25,0.416666667,STS-132,1,Spacewalk Detail,Garret Reisman,Spacewalk Detail,7:25,7.42,2010
0,7.433333333,USA,4/11/2010,Sunday,7,26,0.433333333,STS-131,1,Spacewalk Detail,Richard Mastracchio,Spacewalk Detail,7:26,7.43,2010
0,7.433333333,USA,4/11/2010,Sunday,7,26,0.433333333,STS-131,1,Spacewalk Detail,Clayton Anderson,Spacewalk Detail,7:26,7.43,2010
0,7.433333333,USA,8/11/2010,Wednesday,7,26,0.433333333,Expedition 24,1,Spacewalk Detail,Tracy Caldwell-Dyson,Spacewalk Detail,7:26,7.43,2010
0,7.433333333,USA,8/11/2010,Wednesday,7,26,0.433333333,Expedition 24,1,Spacewalk Detail,Doug Wheelock,Spacewalk Detail,7:26,7.43,2010
0,8.05,USA,8/7/2010,Saturday,8,3,0.05,Expedition 24,1,Spacewalk Detail,Tracy Caldwell-Dyson,Spacewalk Detail,8:3,8.05,2010
0,8.05,USA,8/7/2010,Saturday,8,3,0.05,Expedition 24,1,Spacewalk Detail,Doug Wheelock,Spacewalk Detail,8:3,8.05,2010
0,6.233333333,USA,3/2/2011,Wednesday,6,14,0.233333333,STS-133,1,Spacewalk Detail,Stephen Bowen,Spacewalk Detail,6:14,6.23,2011
0,6.233333333,USA,3/2/2011,Wednesday,6,14,0.233333333,STS-133,1,Spacewalk Detail,Alvin Drew,Spacewalk Detail,6:14,6.23,2011
0,6.316666667,USA,5/20/2011,Friday,6,19,0.316666667,STS-134,1,Spacewalk Detail,Greg Chamitoff,Spacewalk Detail,6:19,6.32,2011
0,6.316666667,USA,5/20/2011,Friday,6,19,0.316666667,STS-134,1,Spacewalk Detail,Andrew Feustel,Spacewalk Detail,6:19,6.32,2011
0,6.516666667,USA,7/12/2011,Tuesday,6,31,0.516666667,Expedition 28,1,Spacewalk Detail,Ron Garan,Spacewalk Detail,6:31,6.52,2011
0,6.516666667,USA,7/12/2011,Tuesday,6,31,0.516666667,Expedition 28,1,Spacewalk Detail,Mike Fossum,Spacewalk Detail,6:31,6.52,2011
0,6.566666667,USA,2/28/2011,Monday,6,34,0.566666667,STS-133,1,Spacewalk Detail,Stephen Bowen,Spacewalk Detail,6:34,6.57,2011
0,6.566666667,USA,2/28/2011,Monday,6,34,0.566666667,STS-133,1,Spacewalk Detail,Alvin Drew,Spacewalk Detail,6:34,6.57,2011
0,6.9,USA,5/25/2011,Wednesday,6,54,0.9,STS-134,1,Spacewalk Detail,Mike Fincke,Spacewalk Detail,6:54,6.90,2011
0,6.9,USA,5/25/2011,Wednesday,6,54,0.9,STS-134,1,Spacewalk Detail,Andrew Feustel,Spacewalk Detail,6:54,6.90,2011
0,7.4,USA,5/27/2011,Friday,7,24,0.4,STS-134,1,Spacewalk Detail,Greg Chamitoff,Spacewalk Detail,7:24,7.40,2011
0,7.4,USA,5/27/2011,Friday,7,24,0.4,STS-134,1,Spacewalk Detail,Andrew Feustel,Spacewalk Detail,7:24,7.40,2011
0,8.116666667,USA,5/22/2011,Sunday,8,7,0.116666667,STS-134,1,Spacewalk Detail,Mike Fincke,Spacewalk Detail,8:7,8.12,2011
0,8.116666667,USA,5/22/2011,Sunday,8,7,0.116666667,STS-134,1,Spacewalk Detail,Andrew Feustel,Spacewalk Detail,8:7,8.12,2011
0,6.466666667,USA,9/5/2012,Wednesday,6,28,0.466666667,Expedition 32,1,Spacewalk Detail,Sunita Williams,Spacewalk Detail,6:28,6.47,2012
0,6.633333333,USA,11/1/2012,Thursday,6,38,0.633333333,Expedition 33,1,Spacewalk Detail,Sunita Williams,Spacewalk Detail,6:38,6.63,2012
0,8.283333333,USA,8/30/2012,Thursday,8,17,0.283333333,Expedition 32,1,Spacewalk Detail,Sunita Williams,Spacewalk Detail,8:17,8.28,2012
0,1.533333333,USA,7/16/2013,Tuesday,1,32,0.533333333,Expedition 36,1,Spacewalk Detail,Chris Cassidy,Spacewalk Detail,1:32,1.53,2013
0,5.466666667,USA,12/21/2013,Saturday,5,28,0.466666667,Expedition 38,1,Spacewalk Detail,Richard Mastracchio,Spacewalk Detail,5:28,5.47,2013
0,5.466666667,USA,12/21/2013,Saturday,5,28,0.466666667,Expedition 38,1,Spacewalk Detail,Mike Hopkins,Spacewalk Detail,5:28,5.47,2013
0,5.5,USA,5/11/2013,Saturday,5,30,0.5,Expedition 35,1,Spacewalk Detail,Thomas Marshburn,Spacewalk Detail,5:30,5.50,2013
0,5.5,USA,5/11/2013,Saturday,5,30,0.5,Expedition 35,1,Spacewalk Detail,Chris Cassidy,Spacewalk Detail,5:30,5.50,2013
0,6.116666667,USA,7/9/2013,Tuesday,6,7,0.116666667,Expedition 36,1,Spacewalk Detail,Chris Cassidy,Spacewalk Detail,6:7,6.12,2013
0,7.5,USA,12/24/2013,Tuesday,7,30,0.5,Expedition 38,1,Spacewalk Detail,Richard Mastracchio,Spacewalk Detail,7:30,7.50,2013
0,7.5,USA,12/24/2013,Tuesday,7,30,0.5,Expedition 38,1,Spacewalk Detail,Mike Hopkins,Spacewalk Detail,7:30,7.50,2013
0,1.6,USA,4/23/2014,Wednesday,1,36,0.6,Expedition 39,1,Spacewalk Detail,Steve Swanson,Spacewalk Detail,1:36,1.60,2014
0,1.6,USA,4/23/2014,Wednesday,1,36,0.6,Expedition 39,1,Spacewalk Detail,Richard Mastracchio,Spacewalk Detail,1:36,1.60,2014
0,6.216666667,USA,10/7/2014,Tuesday,6,13,0.216666667,Expedition 41,1,Spacewalk Detail,Reid Wiseman,Spacewalk Detail,6:13,6.22,2014
0,6.566666667,USA,10/15/2014,Wednesday,6,34,0.566666667,Expedition 41,1,Spacewalk Detail,Reid Wiseman,Spacewalk Detail,6:34,6.57,2014
0,6.566666667,USA,10/15/2014,Wednesday,6,34,0.566666667,Expedition 41,1,Spacewalk Detail,Barry Wilmore,Spacewalk Detail,6:34,6.57,2014
0,3.266666667,USA,12/21/2015,Monday,3,16,0.266666667,Expedition 46,1,Spacewalk Detail,Tim Kopra,Spacewalk Detail,3:16,3.27,2015
0,3.266666667,USA,12/21/2015,Monday,3,16,0.266666667,Expedition 46,1,Spacewalk Detail,Scott Kelly,Spacewalk Detail,3:16,3.27,2015
0,4.716666667,USA,1/15/2015,Thursday,4,43,0.716666667,Expedition 46,1,Spacewalk Detail,Tim Peake,Spacewalk Detail,4:43,4.72,2015
0,4.716666667,USA,1/15/2015,Thursday,4,43,0.716666667,Expedition 46,1,Spacewalk Detail,Tim Kopra,Spacewalk Detail,4:43,4.72,2015
0,5.633333333,USA,3/1/2015,Sunday,5,38,0.633333333,Expedition 42,1,Spacewalk Detail,Terry Virts,Spacewalk Detail,5:38,5.63,2015
0,5.633333333,USA,3/1/2015,Sunday,5,38,0.633333333,Expedition 42,1,Spacewalk Detail,Barry Wilmore,Spacewalk Detail,5:38,5.63,2015
0,6.683333333,USA,2/21/2015,Saturday,6,41,0.683333333,Expedition 42,1,Spacewalk Detail,Terry Virts,Spacewalk Detail,6:41,6.68,2015
0,6.683333333,USA,2/21/2015,Saturday,6,41,0.683333333,Expedition 42,1,Spacewalk Detail,Barry Wilmore,Spacewalk Detail,6:41,6.68,2015
0,6.716666667,USA,2/25/2015,Wednesday,6,43,0.716666667,Expedition 42,1,Spacewalk Detail,Terry Virts,Spacewalk Detail,6:43,6.72,2015
0,6.716666667,USA,2/25/2015,Wednesday,6,43,0.716666667,Expedition 42,1,Spacewalk Detail,Barry Wilmore,Spacewalk Detail,6:43,6.72,2015
0,7.266666667,USA,10/28/2015,Wednesday,7,16,0.266666667,Expedition 45,1,Spacewalk Detail,Scott Kelly,Spacewalk Detail,7:16,7.27,2015
0,7.266666667,USA,10/28/2015,Wednesday,7,16,0.266666667,Expedition 45,1,Spacewalk Detail,Kjell Lindgren,Spacewalk Detail,7:16,7.27,2015
0,7.8,USA,11/6/2015,Friday,7,48,0.8,Expedition 45,1,Spacewalk Detail,Scott Kelly,Spacewalk Detail,7:48,7.80,2015
0,7.8,USA,11/6/2015,Friday,7,48,0.8,Expedition 45,1,Spacewalk Detail,Kjell Lindgren,Spacewalk Detail,7:48,7.80,2015
0,5.966666667,USA,8/19/2016,Friday,5,58,0.966666667,Expedition 48,1,Spacewalk Detail,Kate Rubins,Spacewalk Detail,5:58,5.97,2016
0,5.966666667,USA,8/19/2016,Friday,5,58,0.966666667,Expedition 48,1,Spacewalk Detail,Jeff Williams,Spacewalk Detail,5:58,5.97,2016
0,6.8,USA,9/1/2016,Thursday,6,48,0.8,Expedition 48,1,Spacewalk Detail,Kate Rubins,Spacewalk Detail,6:48,6.80,2016
0,6.8,USA,9/1/2016,Thursday,6,48,0.8,Expedition 48,1,Spacewalk Detail,Jeff Williams,Spacewalk Detail,6:48,6.80,2016
0,2.766666667,USA,5/23/2017,Tuesday,2,46,0.766666667,Expedition 51,1,Spacewalk Detail,Peggy Whitson,Spacewalk Detail,2:46,2.77,2017
0,2.766666667,USA,5/23/2017,Tuesday,2,46,0.766666667,Expedition 51,1,Spacewalk Detail,Jack Fischer,Spacewalk Detail,2:46,2.77,2017
0,4.216666667,USA,5/12/2017,Friday,4,13,0.216666667,Expedition 51,1,Spacewalk Detail,Peggy Whitson,Spacewalk Detail,4:13,4.22,2017
0,4.216666667,USA,5/12/2017,Friday,4,13,0.216666667,Expedition 51,1,Spacewalk Detail,Jack Fischer,Spacewalk Detail,4:13,4.22,2017
0,5.966666667,USA,1/13/2017,Friday,5,58,0.966666667,Expedition 50,1,Spacewalk Detail,Thomas Pesquet,Spacewalk Detail,5:58,5.97,2017
0,5.966666667,USA,1/13/2017,Friday,5,58,0.966666667,Expedition 50,1,Spacewalk Detail,Shane Kimbrough,Spacewalk Detail,5:58,5.97,2017
0,6.433333333,USA,10/10/2017,Tuesday,6,26,0.433333333,Expedition 53,1,Spacewalk Detail,Randy Bresnik,Spacewalk Detail,6:26,6.43,2017
0,6.433333333,USA,10/10/2017,Tuesday,6,26,0.433333333,Expedition 53,1,Spacewalk Detail,Mark Vande Hei,Spacewalk Detail,6:26,6.43,2017
0,6.533333333,USA,1/6/2017,Friday,6,32,0.533333333,Expedition 50,1,Spacewalk Detail,Shane Kimbrough,Spacewalk Detail,6:32,6.53,2017
0,6.533333333,USA,1/6/2017,Friday,6,32,0.533333333,Expedition 50,1,Spacewalk Detail,Peggy Whitson,Spacewalk Detail,6:32,6.53,2017
0,6.566666667,USA,3/24/2017,Friday,6,34,0.566666667,Expedition 50,1,Spacewalk Detail,Thomas Pesquet,Spacewalk Detail,6:34,6.57,2017
0,6.566666667,USA,3/24/2017,Friday,6,34,0.566666667,Expedition 50,1,Spacewalk Detail,Shane Kimbrough,Spacewalk Detail,6:34,6.57,2017
0,6.816666667,USA,10/20/2017,Friday,6,49,0.816666667,Expedition 53,1,Spacewalk Detail,Randy Bresnik,Spacewalk Detail,6:49,6.82,2017
0,6.816666667,USA,10/20/2017,Friday,6,49,0.816666667,Expedition 53,1,Spacewalk Detail,Joe Acaba,Spacewalk Detail,6:49,6.82,2017
0,6.916666667,USA,10/5/2017,Thursday,6,55,0.916666667,Expedition 53,1,Spacewalk Detail,Randy Bresnik,Spacewalk Detail,6:55,6.92,2017
0,6.916666667,USA,10/5/2017,Thursday,6,55,0.916666667,Expedition 53,1,Spacewalk Detail,Mark Vande Hei,Spacewalk Detail,6:55,6.92,2017
0,7.066666667,USA,3/30/2017,Thursday,7,4,0.066666667,Expedition 50,1,Spacewalk Detail,Shane Kimbrough,Spacewalk Detail,7:4,7.07,2017
0,7.066666667,USA,3/30/2017,Thursday,7,4,0.066666667,Expedition 50,1,Spacewalk Detail,Peggy Whitson,Spacewalk Detail,7:4,7.07,2017
0,5.95,USA,2/16/2018,Friday,5,57,0.95,Expedition 54,1,Spacewalk Detail,Mark Vande Hei,Spacewalk Detail,5:57,5.95,2018
0,6.166666667,USA,3/29/2018,Thursday,6,10,0.166666667,Expedition 55,1,Spacewalk Detail,Ricky Arnold,Spacewalk Detail,6:10,6.17,2018
0,6.166666667,USA,3/29/2018,Thursday,6,10,0.166666667,Expedition 55,1,Spacewalk Detail,Drew Feustel,Spacewalk Detail,6:10,6.17,2018
0,6.516666667,USA,5/16/2018,Wednesday,6,31,0.516666667,Expedition 55,1,Spacewalk Detail,Ricky Arnold,Spacewalk Detail,6:31,6.52,2018
0,6.516666667,USA,5/16/2018,Wednesday,6,31,0.516666667,Expedition 55,1,Spacewalk Detail,Drew Feustel,Spacewalk Detail,6:31,6.52,2018
0,6.816666667,USA,6/14/2018,Thursday,6,49,0.816666667,Expedition 56,1,Spacewalk Detail,Ricky Arnold,Spacewalk Detail,6:49,6.82,2018
0,6.816666667,USA,6/14/2018,Thursday,6,49,0.816666667,Expedition 56,1,Spacewalk Detail,Drew Feustel,Spacewalk Detail,6:49,6.82,2018
0,7.4,USA,1/23/2018,Tuesday,7,24,0.4,Expedition 54,1,Spacewalk Detail,Scott Tingle,Spacewalk Detail,7:24,7.40,2018
0,7.4,USA,1/23/2018,Tuesday,7,24,0.4,Expedition 54,1,Spacewalk Detail,Mark Vande Hei,Spacewalk Detail,7:24,7.40,2018
0,6.483333333,USA,4/8/2019,Monday,6,29,0.483333333,Expedition 59,1,Spacewalk Detail,Anne McClain,Spacewalk Detail,6:29,6.48,2019
0,6.65,USA,3/22/2019,Friday,6,39,0.65,Expedition 59,1,Spacewalk Detail,Nick Hague,Spacewalk Detail,6:39,6.65,2019
0,6.65,USA,3/22/2019,Friday,6,39,0.65,Expedition 59,1,Spacewalk Detail,Anne McClain,Spacewalk Detail,6:39,6.65,2019
0,6.75,USA,3/29/2019,Friday,6,45,0.75,Expedition 59,1,Spacewalk Detail,Nick Hague,Spacewalk Detail,6:45,6.75,2019
0,6.75,USA,3/29/2019,Friday,6,45,0.75,Expedition 59,1,Spacewalk Detail,Christina Koch,Spacewalk Detail,6:45,6.75,2019
1,6.233333333,Russia,9/11/2000,Monday,6,14,0.233333333,STS-106,1,Spacewalk Detail,Yuri Malenchenko,Spacewalk Detail1,6:14,6.23,2000
1,0.316666667,Russia,6/8/2001,Friday,0,19,0.316666667,Expedition 2,1,Spacewalk Detail,Yury Usachev,Spacewalk Detail1,0:19,0.32,2001
1,2.766666667,Russia,12/3/2001,Monday,2,46,0.766666667,Expedition 3,1,Spacewalk Detail,Vladimir Dezhurov,Spacewalk Detail1,2:46,2.77,2001
1,2.766666667,Russia,12/3/2001,Monday,2,46,0.766666667,Expedition 3,1,Spacewalk Detail,Mikhail Tyurin,Spacewalk Detail1,2:46,2.77,2001
1,4.966666667,Russia,10/8/2001,Monday,4,58,0.966666667,Expedition 3,1,Spacewalk Detail,Vladimir Dezhurov,Spacewalk Detail1,4:58,4.97,2001
1,4.966666667,Russia,10/8/2001,Monday,4,58,0.966666667,Expedition 3,1,Spacewalk Detail,Mikhail Tyurin,Spacewalk Detail1,4:58,4.97,2001
1,5.066666667,Russia,11/12/2001,Monday,5,4,0.066666667,Expedition 3,1,Spacewalk Detail,Vladimir Dezhurov,Spacewalk Detail1,5:4,5.07,2001
1,4.416666667,Russia,8/16/2002,Friday,4,25,0.416666667,Expedition 5,1,Spacewalk Detail,Valery Korzun,Spacewalk Detail1,4:25,4.42,2002
1,5.983333333,Russia,1/25/2002,Friday,5,59,0.983333333,Expedition 4,1,Spacewalk Detail,Yury Onufrienko,Spacewalk Detail1,5:59,5.98,2002
1,6.05,Russia,1/14/2002,Monday,6,3,0.05,Expedition 4,1,Spacewalk Detail,Yury Onufrienko,Spacewalk Detail1,6:3,6.05,2002
1,0.233333333,Russia,6/24/2004,Thursday,0,14,0.233333333,Expedition 9,1,Spacewalk Detail,Gennady Padalka,Spacewalk Detail1,0:14,0.23,2004
1,5.633333333,Russia,11/22/2006,Wednesday,5,38,0.633333333,Expedition 14,1,Spacewalk Detail,Mikhail Tyurin,Spacewalk Detail1,5:38,5.63,2006
1,5.55,Russia,10/28/2007,Sunday,5,33,0.55,STS-120,1,Spacewalk Detail,Salizhan Sharipov,Spacewalk Detail1,5:33,5.55,2007
1,5.616666667,Russia,7/23/2007,Monday,5,37,0.616666667,Expedition 15,1,Spacewalk Detail,Fyodor Yurchikhin,Spacewalk Detail1,5:37,5.62,2007
1,6.3,Russia,2/22/2007,Thursday,6,18,0.3,Expedition 14,1,Spacewalk Detail,Mikhail Tyurin,Spacewalk Detail1,6:18,6.30,2007
1,6.916666667,Russia,11/9/2007,Friday,6,55,0.916666667,Expedition 16,1,Spacewalk Detail,Yuri Malenchenko,Spacewalk Detail1,6:55,6.92,2007
1,5.633333333,Russia,12/23/2008,Tuesday,5,38,0.633333333,Expedition 18,1,Spacewalk Detail,Yury Lonchakov,Spacewalk Detail1,5:38,5.63,2008
1,0.2,Russia,6/10/2009,Wednesday,0,12,0.2,Expedition 20,1,Spacewalk Detail,Gennady Padalka,Spacewalk Detail1,0:12,0.20,2009
1,4.816666667,Russia,12/10/2009,Thursday,4,49,0.816666667,Expedition 18,1,Spacewalk Detail,Yury Lonchakov,Spacewalk Detail1,4:49,4.82,2009
1,4.9,Russia,6/5/2009,Friday,4,54,0.9,Expedition 20,1,Spacewalk Detail,Gennady Padalka,Spacewalk Detail1,4:54,4.90,2009
1,6.7,Russia,7/27/2010,Tuesday,6,42,0.7,Expedition 24,1,Spacewalk Detail,"Fyodor Yurchikhin, Mikhail Kornienko",Spacewalk Detail1,6:42,6.70,2010
1,3.633333333,Russia,10/22/2014,Wednesday,3,38,0.633333333,Expedition 41,1,Spacewalk Detail,Max Suraev,Spacewalk Detail1,3:38,3.63,2014
1,3.633333333,Russia,10/22/2014,Wednesday,3,38,0.633333333,Expedition 41,1,Spacewalk Detail,Alexander Samokutyaev,Spacewalk Detail1,3:38,3.63,2014
1,5.183333333,Russia,8/18/2014,Monday,5,11,0.183333333, Expedition 40,1,Spacewalk Detail,Oleg Artemyev,Spacewalk Detail1,5:11,5.18,2014
1,5.183333333,Russia,8/18/2014,Monday,5,11,0.183333333, Expedition 40,1,Spacewalk Detail,Alexander Skvortsov,Spacewalk Detail1,5:11,5.18,2014
1,5.516666667,Russia,8/10/2015,Monday,5,31,0.516666667,Expedition 44,1,Spacewalk Detail,Mikhail Kornienko,Spacewalk Detail1,5:31,5.52,2015
1,5.516666667,Russia,8/10/2015,Monday,5,31,0.516666667,Expedition 44,1,Spacewalk Detail,Gennady Padalka,Spacewalk Detail1,5:31,5.52,2015
1,4.75,Russia,2/3/2016,Wednesday,4,45,0.75,Expedition 46,1,Spacewalk Detail,Yuri Malenchenko,Spacewalk Detail1,4:45,4.75,2016
1,4.75,Russia,2/3/2016,Wednesday,4,45,0.75,Expedition 46,1,Spacewalk Detail,Sergey Volkov,Spacewalk Detail1,4:45,4.75,2016
1,5.95,Russia,2/16/2018,Friday,5,57,0.95,Expedition 54,1,Spacewalk Detail,Norishige Kanai,Spacewalk Detail1,5:57,5.95,2018
1,5.166666667,USA,12/7/2000,Thursday,5,10,0.166666667,STS-97,1,Spacewalk Detail,Joseph Tanner,Spacewalk Detail1,5:10,5.17,2000
1,5.166666667,USA,12/7/2000,Thursday,5,10,0.166666667,STS-97,1,Spacewalk Detail,Carlos Noriega,Spacewalk Detail1,5:10,5.17,2000
1,6.233333333,USA,9/11/2000,Monday,6,14,0.233333333,STS-106,1,Spacewalk Detail,Edward Lu,Spacewalk Detail1,6:14,6.23,2000
1,0.316666667,USA,6/8/2001,Friday,0,19,0.316666667,Expedition 2,1,Spacewalk Detail,James Voss,Spacewalk Detail1,0:19,0.32,2001
1,4.033333333,USA,7/21/2001,Saturday,4,2,0.033333333,STS-104,1,Spacewalk Detail,Michael Gernhardt,Spacewalk Detail1,4:2,4.03,2001
1,4.033333333,USA,7/21/2001,Saturday,4,2,0.033333333,STS-104,1,Spacewalk Detail,James Reilly,Spacewalk Detail1,4:2,4.03,2001
1,5.066666667,USA,11/12/2001,Monday,5,4,0.066666667,Expedition 3,1,Spacewalk Detail,Frank Culbertson,Spacewalk Detail1,5:4,5.07,2001
1,5.266666667,USA,8/16/2001,Thursday,5,16,0.266666667,STS-105,1,Spacewalk Detail,Patrick Forrester,Spacewalk Detail1,5:16,5.27,2001
1,5.266666667,USA,8/16/2001,Thursday,5,16,0.266666667,STS-105,1,Spacewalk Detail,Daniel Barry,Spacewalk Detail1,5:16,5.27,2001
1,5.416666667,USA,2/14/2001,Wednesday,5,25,0.416666667,STS-98,1,Spacewalk Detail,Thomas Jones,Spacewalk Detail1,5:25,5.42,2001
1,5.416666667,USA,2/14/2001,Wednesday,5,25,0.416666667,STS-98,1,Spacewalk Detail,Robert Curbeam,Spacewalk Detail1,5:25,5.42,2001
1,5.483333333,USA,8/18/2001,Saturday,5,29,0.483333333,STS-105,1,Spacewalk Detail,Patrick Forrester,Spacewalk Detail1,5:29,5.48,2001
1,5.483333333,USA,8/18/2001,Saturday,5,29,0.483333333,STS-105,1,Spacewalk Detail,Daniel Barry,Spacewalk Detail1,5:29,5.48,2001
1,5.983333333,USA,7/15/2001,Sunday,5,59,0.983333333,STS-104,1,Spacewalk Detail,Michael Gernhardt,Spacewalk Detail1,5:59,5.98,2001
1,5.983333333,USA,7/15/2001,Sunday,5,59,0.983333333,STS-104,1,Spacewalk Detail,James Reilly,Spacewalk Detail1,5:59,5.98,2001
1,6.35,USA,3/13/2001,Tuesday,6,21,0.35,STS-102,1,Spacewalk Detail,Paul Richards,Spacewalk Detail1,6:21,6.35,2001
1,6.35,USA,3/13/2001,Tuesday,6,21,0.35,STS-102,1,Spacewalk Detail,Andrew Thomas,Spacewalk Detail1,6:21,6.35,2001
1,6.483333333,USA,7/18/2001,Wednesday,6,29,0.483333333,STS-104,1,Spacewalk Detail,Michael Gernhardt,Spacewalk Detail1,6:29,6.48,2001
1,6.483333333,USA,7/18/2001,Wednesday,6,29,0.483333333,STS-104,1,Spacewalk Detail,James Reilly,Spacewalk Detail1,6:29,6.48,2001
1,4.416666667,USA,8/16/2002,Friday,4,25,0.416666667,Expedition 5,1,Spacewalk Detail,Peggy Whitson,Spacewalk Detail1,4:25,4.42,2002
1,5,USA,6/11/2002,Tuesday,5,0,0,STS-111,1,Spacewalk Detail,Franklin Chang-Diaz,Spacewalk Detail1,5:0,5.00,2002
1,5.983333333,USA,1/25/2002,Friday,5,59,0.983333333,Expedition 4,1,Spacewalk Detail,Dan Bursch,Spacewalk Detail1,5:59,5.98,2002
1,6.05,USA,1/14/2002,Monday,6,3,0.05,Expedition 4,1,Spacewalk Detail,Carl Walz,Spacewalk Detail1,6:3,6.05,2002
1,0.233333333,USA,6/24/2004,Thursday,0,14,0.233333333,Expedition 9,1,Spacewalk Detail,Mike Fincke,Spacewalk Detail1,0:14,0.23,2004
1,5,USA,12/14/2006,Thursday,5,0,0,STS-116,1,Spacewalk Detail,Bob Curbeam,Spacewalk Detail1,5:0,5.00,2006
1,5.633333333,USA,11/22/2006,Wednesday,5,38,0.633333333,Expedition 14,1,Spacewalk Detail,Michael Lopez-Alegria,Spacewalk Detail1,5:38,5.63,2006
1,6.6,USA,12/12/2006,Tuesday,6,36,0.6,STS-116,1,Spacewalk Detail,Bob Curbeam,Spacewalk Detail1,6:36,6.60,2006
1,6.633333333,USA,12/18/2006,Monday,6,38,0.633333333,STS-116,1,Spacewalk Detail,Bob Curbeam,Spacewalk Detail1,6:38,6.63,2006
1,5.033333333,USA,8/18/2007,Saturday,5,2,0.033333333,STS-118,1,Spacewalk Detail,Clayton Anderson,Spacewalk Detail1,5:2,5.03,2007
1,5.55,USA,10/28/2007,Sunday,5,33,0.55,STS-120,1,Spacewalk Detail,Scott Parazynski,Spacewalk Detail1,5:33,5.55,2007
1,5.616666667,USA,7/23/2007,Monday,5,37,0.616666667,Expedition 15,1,Spacewalk Detail,Clayton Anderson,Spacewalk Detail1,5:37,5.62,2007
1,6.283333333,USA,8/11/2007,Saturday,6,17,0.283333333,STS-118,1,Spacewalk Detail,Richard Mastracchio,Spacewalk Detail1,6:17,6.28,2007
1,6.3,USA,2/22/2007,Thursday,6,18,0.3,Expedition 14,1,Spacewalk Detail,Michael Lopez-Alegria,Spacewalk Detail1,6:18,6.30,2007
1,6.466666667,USA,8/13/2007,Monday,6,28,0.466666667,STS-118,1,Spacewalk Detail,Richard Mastracchio,Spacewalk Detail1,6:28,6.47,2007
1,6.916666667,USA,11/9/2007,Friday,6,55,0.916666667,Expedition 16,1,Spacewalk Detail,Peggy Whitson,Spacewalk Detail1,6:55,6.92,2007
1,5.633333333,USA,12/23/2008,Tuesday,5,38,0.633333333,Expedition 18,1,Spacewalk Detail,Mike Fincke,Spacewalk Detail1,5:38,5.63,2008
1,0.2,USA,6/10/2009,Wednesday,0,12,0.2,Expedition 20,1,Spacewalk Detail,Michael Barratt,Spacewalk Detail1,0:12,0.20,2009
1,4.816666667,USA,12/10/2009,Thursday,4,49,0.816666667,Expedition 18,1,Spacewalk Detail,Mike Fincke,Spacewalk Detail1,4:49,4.82,2009
1,4.9,USA,6/5/2009,Friday,4,54,0.9,Expedition 20,1,Spacewalk Detail,Michael Barratt,Spacewalk Detail1,4:54,4.90,2009
1,4.9,USA,7/27/2009,Monday,4,54,0.9,STS-127,1,Spacewalk Detail,Thomas Marshburn,Spacewalk Detail1,4:54,4.90,2009
1,4.9,USA,7/27/2009,Monday,4,54,0.9,STS-127,1,Spacewalk Detail,Chris Cassidy,Spacewalk Detail1,4:54,4.90,2009
1,5.533333333,USA,7/18/2009,Saturday,5,32,0.533333333,STS-127,1,Spacewalk Detail,Tim Kopra,Spacewalk Detail1,5:32,5.53,2009
1,5.533333333,USA,7/18/2009,Saturday,5,32,0.533333333,STS-127,1,Spacewalk Detail,David Wolf,Spacewalk Detail1,5:32,5.53,2009
1,5.7,USA,11/23/2009,Monday,5,42,0.7,STS-129,1,Spacewalk Detail,Robert Satcher,Spacewalk Detail1,5:42,5.70,2009
1,5.7,USA,11/23/2009,Monday,5,42,0.7,STS-129,1,Spacewalk Detail,Randolph Bresnik,Spacewalk Detail1,5:42,5.70,2009
1,5.983333333,USA,7/22/2009,Wednesday,5,59,0.983333333,STS-127,1,Spacewalk Detail,David Wolf,Spacewalk Detail1,5:59,5.98,2009
1,5.983333333,USA,7/22/2009,Wednesday,5,59,0.983333333,STS-127,1,Spacewalk Detail,Chris Cassidy,Spacewalk Detail1,5:59,5.98,2009
1,6.133333333,USA,11/21/2009,Saturday,6,8,0.133333333,STS-129,1,Spacewalk Detail,Randolph Bresnik,Spacewalk Detail1,6:8,6.13,2009
1,6.133333333,USA,11/21/2009,Saturday,6,8,0.133333333,STS-129,1,Spacewalk Detail,Michael Foreman,Spacewalk Detail1,6:8,6.13,2009
1,6.583333333,USA,9/1/2009,Tuesday,6,35,0.583333333,STS-128,1,Spacewalk Detail,Nicole Stott,Spacewalk Detail1,6:35,6.58,2009
1,6.583333333,USA,9/1/2009,Tuesday,6,35,0.583333333,STS-128,1,Spacewalk Detail,John Olivas,Spacewalk Detail1,6:35,6.58,2009
1,6.65,USA,9/3/2009,Thursday,6,39,0.65,STS-128,1,Spacewalk Detail,John Olivas,Spacewalk Detail1,6:39,6.65,2009
1,7.016666667,USA,9/5/2009,Saturday,7,1,0.016666667,STS-128,1,Spacewalk Detail,John Olivas,Spacewalk Detail1,7:1,7.02,2009
1,7.2,USA,7/24/2009,Friday,7,12,0.2,STS-127,1,Spacewalk Detail,Thomas Marshburn,Spacewalk Detail1,7:12,7.20,2009
1,7.2,USA,7/24/2009,Friday,7,12,0.2,STS-127,1,Spacewalk Detail,Chris Cassidy,Spacewalk Detail1,7:12,7.20,2009
1,6.466666667,USA,9/5/2012,Wednesday,6,28,0.466666667,Expedition 32,1,Spacewalk Detail,Sunita Williams,Spacewalk Detail1,6:28,6.47,2012
1,6.633333333,USA,11/1/2012,Thursday,6,38,0.633333333,Expedition 33,1,Spacewalk Detail,Sunita Williams,Spacewalk Detail1,6:38,6.63,2012
1,8.283333333,USA,8/30/2012,Thursday,8,17,0.283333333,Expedition 32,1,Spacewalk Detail,Sunita Williams,Spacewalk Detail1,8:17,8.28,2012
1,1.533333333,USA,7/16/2013,Tuesday,1,32,0.533333333,Expedition 36,1,Spacewalk Detail,Chris Cassidy,Spacewalk Detail1,1:32,1.53,2013
1,6.116666667,USA,7/9/2013,Tuesday,6,7,0.116666667,Expedition 36,1,Spacewalk Detail,Chris Cassidy,Spacewalk Detail1,6:7,6.12,2013
1,1.6,USA,4/23/2014,Wednesday,1,36,0.6,Expedition 39,1,Spacewalk Detail,Steve Swanson,Spacewalk Detail1,1:36,1.60,2014
1,1.6,USA,4/23/2014,Wednesday,1,36,0.6,Expedition 39,1,Spacewalk Detail,Richard Mastracchio,Spacewalk Detail1,1:36,1.60,2014
1,6.216666667,USA,10/7/2014,Tuesday,6,13,0.216666667,Expedition 41,1,Spacewalk Detail,Reid Wiseman,Spacewalk Detail1,6:13,6.22,2014
1,3.266666667,USA,12/21/2015,Monday,3,16,0.266666667,Expedition 46,1,Spacewalk Detail,Tim Kopra,Spacewalk Detail1,3:16,3.27,2015
1,3.266666667,USA,12/21/2015,Monday,3,16,0.266666667,Expedition 46,1,Spacewalk Detail,Scott Kelly,Spacewalk Detail1,3:16,3.27,2015
1,4.716666667,USA,1/15/2015,Thursday,4,43,0.716666667,Expedition 46,1,Spacewalk Detail,Tim Peake,Spacewalk Detail1,4:43,4.72,2015
1,4.716666667,USA,1/15/2015,Thursday,4,43,0.716666667,Expedition 46,1,Spacewalk Detail,Tim Kopra,Spacewalk Detail1,4:43,4.72,2015
1,5.633333333,USA,3/1/2015,Sunday,5,38,0.633333333,Expedition 42,1,Spacewalk Detail,Terry Virts,Spacewalk Detail1,5:38,5.63,2015
1,5.633333333,USA,3/1/2015,Sunday,5,38,0.633333333,Expedition 42,1,Spacewalk Detail,Barry Wilmore,Spacewalk Detail1,5:38,5.63,2015
1,6.683333333,USA,2/21/2015,Saturday,6,41,0.683333333,Expedition 42,1,Spacewalk Detail,Terry Virts,Spacewalk Detail1,6:41,6.68,2015
1,6.683333333,USA,2/21/2015,Saturday,6,41,0.683333333,Expedition 42,1,Spacewalk Detail,Barry Wilmore,Spacewalk Detail1,6:41,6.68,2015
1,6.716666667,USA,2/25/2015,Wednesday,6,43,0.716666667,Expedition 42,1,Spacewalk Detail,Terry Virts,Spacewalk Detail1,6:43,6.72,2015
1,6.716666667,USA,2/25/2015,Wednesday,6,43,0.716666667,Expedition 42,1,Spacewalk Detail,Barry Wilmore,Spacewalk Detail1,6:43,6.72,2015
1,7.266666667,USA,10/28/2015,Wednesday,7,16,0.266666667,Expedition 45,1,Spacewalk Detail,Scott Kelly,Spacewalk Detail1,7:16,7.27,2015
1,7.266666667,USA,10/28/2015,Wednesday,7,16,0.266666667,Expedition 45,1,Spacewalk Detail,Kjell Lindgren,Spacewalk Detail1,7:16,7.27,2015
1,7.8,USA,11/6/2015,Friday,7,48,0.8,Expedition 45,1,Spacewalk Detail,Scott Kelly,Spacewalk Detail1,7:48,7.80,2015
1,7.8,USA,11/6/2015,Friday,7,48,0.8,Expedition 45,1,Spacewalk Detail,Kjell Lindgren,Spacewalk Detail1,7:48,7.80,2015
1,5.966666667,USA,8/19/2016,Friday,5,58,0.966666667,Expedition 48,1,Spacewalk Detail,Kate Rubins,Spacewalk Detail1,5:58,5.97,2016
1,5.966666667,USA,8/19/2016,Friday,5,58,0.966666667,Expedition 48,1,Spacewalk Detail,Jeff Williams,Spacewalk Detail1,5:58,5.97,2016
1,6.8,USA,9/1/2016,Thursday,6,48,0.8,Expedition 48,1,Spacewalk Detail,Kate Rubins,Spacewalk Detail1,6:48,6.80,2016
1,6.8,USA,9/1/2016,Thursday,6,48,0.8,Expedition 48,1,Spacewalk Detail,Jeff Williams,Spacewalk Detail1,6:48,6.80,2016
1,2.766666667,USA,5/23/2017,Tuesday,2,46,0.766666667,Expedition 51,1,Spacewalk Detail,Peggy Whitson,Spacewalk Detail1,2:46,2.77,2017
1,2.766666667,USA,5/23/2017,Tuesday,2,46,0.766666667,Expedition 51,1,Spacewalk Detail,Jack Fischer,Spacewalk Detail1,2:46,2.77,2017
1,4.216666667,USA,5/12/2017,Friday,4,13,0.216666667,Expedition 51,1,Spacewalk Detail,Peggy Whitson,Spacewalk Detail1,4:13,4.22,2017
1,4.216666667,USA,5/12/2017,Friday,4,13,0.216666667,Expedition 51,1,Spacewalk Detail,Jack Fischer,Spacewalk Detail1,4:13,4.22,2017
1,5.966666667,USA,1/13/2017,Friday,5,58,0.966666667,Expedition 50,1,Spacewalk Detail,Thomas Pesquet,Spacewalk Detail1,5:58,5.97,2017
1,5.966666667,USA,1/13/2017,Friday,5,58,0.966666667,Expedition 50,1,Spacewalk Detail,Shane Kimbrough,Spacewalk Detail1,5:58,5.97,2017
1,6.533333333,USA,1/6/2017,Friday,6,32,0.533333333,Expedition 50,1,Spacewalk Detail,Shane Kimbrough,Spacewalk Detail1,6:32,6.53,2017
1,6.533333333,USA,1/6/2017,Friday,6,32,0.533333333,Expedition 50,1,Spacewalk Detail,Peggy Whitson,Spacewalk Detail1,6:32,6.53,2017
1,6.566666667,USA,3/24/2017,Friday,6,34,0.566666667,Expedition 50,1,Spacewalk Detail,Thomas Pesquet,Spacewalk Detail1,6:34,6.57,2017
1,6.566666667,USA,3/24/2017,Friday,6,34,0.566666667,Expedition 50,1,Spacewalk Detail,Shane Kimbrough,Spacewalk Detail1,6:34,6.57,2017
1,5.95,USA,2/16/2018,Friday,5,57,0.95,Expedition 54,1,Spacewalk Detail,Mark Vande Hei,Spacewalk Detail1,5:57,5.95,2018
1,6.483333333,USA,4/8/2019,Monday,6,29,0.483333333,Expedition 59,1,Spacewalk Detail,Anne McClain,Spacewalk Detail1,6:29,6.48,2019
